ndustry,1
nner,1
four,14
rocketing,1
jihad,1
hanging,2
puraism,1
faws,1
reshuffe,1
presumaby,1
eripaska,1
wizardry,1
demoted,1
bocks,1
sinking,1
famiies,6
hough,12
oceans,6
bringing,4
apoogists,1
reportedy,1
prize,11
wooden,2
woudnt,1
succession,4
ebanon,3
rationae,1
commented,1
wayprint,1
trodden,1
pubic,39
exington,3
second,20
attended,1
charted,1
eson,3
understandprint,1
mogu,1
ounting,3
designing,1
ymouth,1
mued,1
increasing,8
fokore,1
shocks,1
ourist,1
atixis,1
here,32
amontov,1
reported,2
ospita,1
ater,18
sexua,2
athan,1
atey,3
borrowers,1
substance,2
raiways,1
pretensions,1
reports,3
controversy,1
offoaded,1
spotty,1
normay,1
divide,2
criticise,2
propounds,1
brought,9
beneficiaries,1
ction,1
gridock,2
unit,3
opponents,3
hipott,1
spoke,2
aeviates,1
catchy,2
wecomed,1
music,17
therefore,9
passport,1
distortions,2
strike,8
swap,2
officia,13
paperwork,6
goodwi,1
rotin,2
hurt,1
exce,1
presenty,1
circumstances,3
ofty,1
fifths,4
pursue,1
vounteers,1
auring,1
temperatures,1
revenues,9
orneo,2
mindedness,1
wane,1
uniper,2
eaander,1
currency,10
caution,3
want,18
cookers,1
repied,1
gargantuan,3
hod,9
hoe,3
turn,11
hangover,1
damage,11
machine,1
how,30
hot,1
oeing,1
hop,1
avaiabe,5
gaming,1
irchners,1
mutinationa,1
typed,1
swing,1
stingier,1
diagram,1
modest,6
constanty,2
quips,1
destined,2
credentias,2
opted,1
effective,7
ubios,2
attracts,3
headquarters,4
eftist,3
ecoogica,1
keeps,1
dispay,2
democratic,9
wing,10
wind,3
senators,1
fowers,2
feedback,2
dreamed,1
vary,2
stoicism,1
orman,1
fip,1
fit,2
haied,2
rankings,2
fix,1
paudits,1
rtices,124
isneyand,1
survivors,5
rescued,3
hangsheng,1
airfaxs,1
pooing,1
fin,1
easier,9
iegay,1
fim,12
attani,1
makesuch,1
basics,1
effects,5
aready,25
represents,4
queues,1
armoured,1
arrow,2
interfering,1
snakes,3
woes,3
series,4
whie,22
onica,1
resut,9
nvasive,1
ejandro,1
putocrats,1
oyce,2
ring,4
ru,1
edfords,1
rs,3
ha,1
brotheroften,1
rd,2
re,4
encourage,10
coudexcept,1
miion,2
rvie,1
ro,1
ri,1
sma,13
foundation,3
ranian,2
atters,1
assured,1
threatened,4
surveys,1
akota,1
estimate,2
correcty,1
ate,24
earier,6
competey,1
ato,1
cotand,1
ministries,1
att,1
enders,1
speedy,1
unabe,1
crossings,1
speeds,1
minge,1
atson,1
uttonwood,3
overtaken,1
reintroduced,1
anaysts,1
carefu,2
evin,1
bitten,1
inconcusive,1
service,11
engagement,1
hetenham,1
needed,9
master,2
euro,4
bitter,1
ront,7
oomberg,1
rewards,1
andmarks,1
cushions,1
bounty,1
wisdom,1
technique,1
probems,12
surer,1
showed,5
surey,5
swapsthough,1
eradicating,1
infringes,1
ndias,3
nations,1
project,4
ndian,16
fufi,1
skimmed,1
imperiaistic,1
circe,1
nationa,19
runner,1
heped,11
thaw,1
benighted,1
buied,1
dozen,4
affairs,2
prince,1
person,10
soaked,1
recommended,1
causing,3
absorbed,2
doors,14
ennedys,1
aong,7
aone,5
responsibeprint,1
decining,5
transactions,4
schooteachers,1
drought,2
expanse,1
encipher,1
hut,1
snooping,1
professor,4
singed,1
purged,1
came,16
cutura,4
droppingy,1
cuture,2
contributed,1
meetings,2
unduy,1
nominated,1
rampaged,1
padded,1
igre,3
aiban,1
participate,1
reinvented,1
abyrinth,1
hhish,1
apace,1
busy,1
ndonesiabut,1
menu,1
bust,2
esternisation,1
touched,1
rich,28
otiose,1
spanishprint,1
fooed,1
reversas,1
simiarity,1
foremost,1
cushion,1
raveers,1
vidence,1
net,2
societies,1
popuism,4
revoution,9
nitting,1
dipping,1
posh,1
ghettoisation,1
popuist,5
mandatory,3
disaster,8
fair,4
fais,1
anaysis,3
icensing,1
radius,1
resigned,2
best,24
ationa,10
exempary,1
score,2
scorn,1
ire,2
preserve,5
srae,1
never,8
nationwide,1
nature,3
henouda,2
mouthfu,1
souvenir,1
buiding,16
ooms,3
downgrade,1
ouki,2
debt,26
accident,2
disdain,1
country,35
adventurer,2
instabiity,2
quests,1
china,2
argue,13
asked,6
vaid,1
and,1131
reenand,2
ates,2
rivaed,1
esie,1
angkok,2
union,7
osaes,1
ongs,1
subsidy,1
much,54
incompetent,1
ariano,2
heps,1
rgio,1
spit,4
eastern,6
simpifying,4
worker,2
ariana,1
wish,2
suay,1
doubts,1
worked,5
aien,1
biions,2
commerce,1
presidency,5
crucibe,1
geoogist,1
oorado,3
rampaging,1
surprises,6
igrayan,2
campaigning,1
udan,5
crusaders,1
rapprochement,1
hong,1
things,15
ociaists,4
gongjice,1
babies,2
enterprisehopes,1
demotion,1
junge,2
european,1
voyages,3
etwork,1
souths,1
pitchforks,1
tops,3
workforce,2
andhi,2
hectares,1
pixes,1
ownership,3
repenishing,2
pioneers,2
symboism,1
othergi,2
icrosoftaccount,1
ifteen,1
gypts,3
academic,7
echoes,3
corporate,17
veteran,3
opinions,1
spurred,1
reckoned,8
theirkhaki,1
beset,1
hakespeare,1
previous,6
trong,1
enters,1
foowings,1
haa,1
ease,3
had,108
emphasis,1
haf,18
ewer,1
easy,5
prison,2
east,48
hat,49
antucket,1
confection,1
disagreement,1
birth,3
ennedy,3
shadow,1
unique,3
desire,6
specia,3
strengths,1
spared,1
seaside,1
steps,3
previousy,3
aeys,1
urdish,3
agram,1
attorney,3
right,28
athoics,1
creed,1
crown,2
topping,1
awardwhich,1
captive,1
adutery,1
insistence,1
harassment,1
shieded,2
creep,1
icot,1
fow,5
fop,1
for,470
bottom,5
facethat,1
foe,1
imposes,1
exposition,1
sower,4
stints,1
fok,2
substitutes,2
fish,5
sensibe,4
hodings,1
shifting,1
ovemberbut,1
manufacturing,7
funneing,1
citizens,9
deveoping,2
o,60
despair,1
stoked,2
hristiansand,1
observation,1
match,4
raised,12
statements,4
sod,1
sog,1
soi,2
honeymoon,1
soo,2
son,5
undermining,1
beings,2
raises,1
sow,4
wrap,1
attrition,3
reducing,4
despised,1
inguistic,2
support,15
tame,1
baoons,1
avocados,1
happy,3
underestimated,1
offer,9
forming,1
candes,1
ibetan,1
universitys,2
eesey,1
azi,1
ackustre,1
hurdes,1
prosecutions,1
bouncy,1
devices,1
peso,3
azy,1
vanguard,2
unanimous,1
pesos,1
icebound,1
wrange,1
passenger,3
adopt,1
proved,7
irst,4
fattened,1
soothe,2
exist,2
curious,1
cassic,5
accounting,8
negotiations,2
biionaires,1
awmaker,1
ritte,1
crowns,1
athough,8
eventuay,11
ambitious,2
brings,2
intrusions,1
nfation,1
mutiayered,1
ramadi,1
arniva,4
enya,3
transported,1
andings,1
intent,1
persecution,4
ctivists,3
murderersusuay,1
beongs,1
time,58
push,5
eectrocuting,1
httpwwweconomistcomnewseurope,5
chain,1
eptemberfaster,1
oss,5
osu,6
ost,36
bandits,2
osa,1
ose,4
bribes,2
ver,5
deuge,1
irredeemabeprint,1
successfuy,1
poory,1
uncimbed,1
ouder,1
reinvigorate,1
ven,19
connecting,1
ciences,1
oversight,2
iberaise,2
jerk,1
recipe,1
choice,6
saiing,2
embark,1
servicing,2
stays,2
oessmann,1
egions,2
tear,1
eddah,1
skewed,2
team,4
unaware,1
abbatea,2
unikey,4
onetheess,3
findings,1
bock,1
prediction,9
righty,5
humiiated,1
designs,2
shirts,1
coppers,3
eform,2
unruy,1
efore,3
axes,1
current,8
crashing,1
boost,18
orocco,2
iars,1
iary,4
imited,1
bi,11
andess,1
ttoman,4
address,1
xtreme,1
uenther,2
redemption,1
fomented,1
studied,2
funded,1
ntarctic,2
queue,1
hoding,3
cothes,1
saints,4
prefer,4
hoders,2
sashing,1
coourfu,1
raiding,1
crammed,3
ompensation,1
working,9
perished,1
positive,1
infux,1
aitey,1
by,405
pivota,1
opposed,4
iddeton,5
scope,1
endoza,1
prosecutor,2
peope,76
introducing,2
afford,2
apparent,3
odious,1
ooks,17
virtua,2
skeetons,1
everywhere,1
ndecent,3
vehices,1
rebounding,1
deserved,1
incited,1
abortion,5
savery,6
incites,1
impasse,1
printing,2
stature,1
admired,1
incrementay,1
acceerate,3
feow,2
privatise,1
winter,3
divided,5
poking,1
immune,2
aantyne,2
spot,4
umbria,1
date,3
such,75
atar,1
data,12
stress,2
sraei,3
nwisey,1
sectors,4
conscious,1
st,5
regressive,1
castings,1
httpwwweconomistcomnewsbriefing,1
so,56
sraes,1
acknowedgment,1
se,6
innocuous,1
imiting,1
insurgency,3
years,71
professors,1
course,9
frequenty,2
experiments,1
bucking,1
wereprint,1
withand,1
tendency,1
monopoy,2
uggagea,1
kraine,13
avic,1
diapidated,1
characterisations,1
torn,6
suppanted,1
suspicion,1
avis,4
marketsprint,1
swastika,1
decades,17
patrimony,1
thereby,1
ichigans,1
denting,1
nation,2
records,3
overpowering,1
untimey,1
nowchaos,1
epithets,1
reckoning,2
maintaining,1
deady,2
redictt,3
excude,1
rundown,1
amnesty,11
quarter,8
repaired,1
caimed,8
crushing,1
owing,1
sponsor,1
entering,3
disasters,1
neighbourhood,1
estabish,1
conomies,1
rouette,3
investigation,4
gadfy,1
internet,15
atrick,1
ustice,2
exander,1
iberaisation,1
fexibe,1
bookie,1
incentives,5
governing,2
quite,3
adivostok,6
bumpy,2
unnamed,1
rattin,1
training,1
poitics,24
potting,1
raying,2
programming,2
wrong,4
gradua,2
artys,2
massive,1
poitica,52
routes,3
misused,1
staggeringy,1
scornfu,1
saving,3
ono,1
guyen,2
ong,52
one,122
ony,62
sistersfrom,1
gases,3
vote,10
greement,1
potted,1
open,11
ont,3
city,19
wrath,1
bundes,1
bite,1
encourages,1
effery,4
draft,3
sodiers,11
separatists,2
exporation,6
shoppers,2
structures,1
cite,1
proving,3
padding,1
shaws,1
uddhist,8
representing,1
boyfriend,1
aving,3
depressed,2
summary,1
ratting,1
coats,1
dweing,1
future,23
spat,2
rivas,5
wins,1
standardised,1
russia,1
cowed,1
cagiy,1
sai,1
sam,1
fragmented,2
sab,1
turned,9
argument,1
sae,1
sad,1
meodies,1
say,22
buried,1
horsepower,1
sap,2
saw,12
emer,1
taks,11
warriors,3
fuctuating,1
downwards,1
ukewarm,1
instructed,1
note,1
mood,5
intends,1
take,24
roadside,1
wanting,4
ovency,3
handing,5
homosexuaity,1
opposite,3
knew,1
agged,1
aureates,1
cotands,1
remarks,1
knee,3
pages,5
ichoas,2
average,12
abiity,4
drive,2
bady,3
vasty,1
widife,1
axe,1
redirected,1
forecasters,4
foows,2
vehicuar,1
bright,3
ertiity,1
owers,1
neaty,1
tears,1
going,10
equipped,2
outrage,2
charters,1
invauabe,1
dispute,5
reativey,7
rejoiced,1
reatives,4
genera,12
freezing,1
mainand,2
countered,1
ewarding,1
awaiting,1
prime,11
uneven,1
nvironment,1
refect,1
absoute,1
ussian,26
hinges,1
parasitic,1
borrow,2
worried,2
priest,1
ammergeyer,1
bombs,2
worries,3
artnership,1
disparage,1
where,37
vision,1
yings,3
dived,1
surgery,2
amsung,1
cheereaders,1
instaed,2
receipt,1
caendar,1
jumped,1
sites,2
sponsorship,2
dormitory,1
thnoogue,1
enjoys,1
smoothy,1
jobs,15
repaced,3
joviay,1
screen,2
iquidity,2
concentrate,2
awards,1
jets,3
aryand,1
suppressed,1
undermine,1
concentrated,2
etros,1
ectric,2
many,55
ouse,6
s,140
concentrates,1
ub,1
minima,2
consoidate,1
miitary,14
amayoa,1
anti,14
secede,1
anta,1
considers,1
boat,1
cimbers,2
irrefutabe,1
west,1
recaptured,2
hineseacked,1
brainchidren,1
concede,1
cosing,2
combined,3
motives,1
nit,1
reakthrough,2
wants,12
opuar,2
subtites,1
reative,3
thousand,1
formed,1
rebuid,1
photos,1
tightened,2
abject,1
former,17
ived,1
eschews,1
prominence,1
iver,2
ives,1
ontrary,1
newspaper,8
situation,2
ive,10
iva,1
iuminate,1
transgressions,2
twists,1
purse,1
ivi,1
dubious,1
shindig,1
compatriots,1
unexpored,4
irbus,3
underestimate,1
hiippines,3
countryside,1
aiment,1
aestinians,1
breakdown,1
fims,1
edged,1
missouris,1
births,1
fogged,1
intrepid,2
recapture,1
tracking,1
canniba,1
vacant,1
pacing,1
aiances,1
biggish,2
onsutants,1
costs,8
punge,2
costy,5
gdp,1
summer,3
financia,22
being,45
ress,2
rest,6
areaexport,1
resh,1
generator,1
skied,3
meteoroogica,1
ffice,2
skies,1
aspects,3
around,41
fearfu,2
penty,5
jaied,2
sums,4
period,7
traffic,2
preference,1
vacuum,1
vague,1
tudies,2
enera,2
oraes,1
stranger,1
strangey,1
eveopment,5
paraysis,2
impifying,3
monopoies,2
tart,2
grouping,1
empest,2
painfu,1
musce,1
beieved,6
aircraftto,1
fivea,1
beonged,2
httpwwweconomistcomnewsmidde,4
rritus,3
thinks,8
beieves,3
composers,1
ngishwoman,1
ddy,1
existentia,1
notaby,3
viagers,2
victories,1
exit,3
notabe,4
ergan,2
unmanageabewhat,1
refer,1
contingent,1
power,25
dissection,1
wied,1
ratios,2
ndeed,5
enemies,3
hawkers,1
executives,1
ccording,5
ace,3
stockmarket,3
ack,11
industry,11
ectricity,1
hured,1
hurricaneswhich,1
shmae,1
ushs,7
origina,4
act,2
warmnot,1
mean,6
shied,1
perturbed,1
fundraising,2
burning,2
mensao,2
parties,14
pivot,2
oden,1
hew,1
hep,30
her,57
conomics,4
ietnams,4
hey,22
hed,16
hee,1
aiveprint,1
dictator,3
hen,25
betraya,1
recommends,1
survived,2
continenta,4
antiquated,1
dribbe,1
osnia,1
with,271
buying,3
rush,4
haughtiy,1
cripping,2
voumes,2
enduringy,1
abuses,1
caimswith,1
epresentatives,2
agree,8
asss,1
regimes,6
gone,3
aryjas,1
ad,1
ag,1
af,2
ai,4
ah,1
ak,2
am,2
ao,7
an,260
wakways,1
artificia,1
uis,1
ar,15
au,3
at,187
aw,28
ay,24
ax,7
budozers,1
uiz,1
nobe,1
irchmaier,1
propeer,1
graduate,3
tight,2
administers,1
propeed,2
contemporaries,1
ection,3
nbari,1
oreigners,1
gifts,1
ising,1
accounts,3
waterhouse,3
tricky,2
shipping,1
ecember,54
neuter,1
visits,3
firebrand,4
mass,5
oophoes,1
tricke,1
awadros,1
evenge,3
consider,2
caused,6
emocratic,5
upkeep,1
causes,3
ecurity,3
ictoria,1
sandbags,2
tu,1
ts,11
edong,2
riots,1
to,1395
th,60
ti,3
te,4
ta,2
ussia,24
case,8
appointment,1
returned,2
xpaining,1
reader,2
fiends,4
earning,7
cruciay,1
ermanys,4
condition,1
ambridgeshire,1
accompanying,1
ageing,3
joined,1
iberas,2
sang,3
scrapping,1
sank,3
quicker,1
whae,3
offhas,1
ommunist,4
past,41
guity,2
pass,5
destitute,1
investment,37
quicken,1
scientists,1
perforate,1
industriaist,1
contrast,8
hauage,1
immiserated,1
concuded,3
midpoint,4
defation,4
epic,1
hours,8
sociay,5
ongest,1
introductory,1
experience,3
razi,30
heniere,1
sideshows,1
pick,4
action,13
via,4
orgotten,2
cynica,1
enactment,1
send,5
footbaers,1
gosh,2
ating,3
ridding,1
reguator,2
eftand,1
firty,1
competitor,1
mora,4
more,204
door,6
doop,1
company,18
uncear,3
enient,1
tested,2
foundations,3
keeping,5
eared,2
avatories,1
science,7
resources,6
knocked,2
ranois,1
amsee,1
buit,5
prompt,3
stated,4
scae,7
accept,3
eftists,1
states,20
fundamenta,2
ibyas,1
beautifuy,1
sense,7
scar,1
dress,3
abortiondoube,1
information,9
respective,2
simpy,5
outfitting,2
isi,3
iving,6
pipeine,1
functioning,1
earnings,4
oands,6
gyptian,1
intended,3
iustration,2
pinnace,1
aowance,1
waves,4
isa,1
famerefect,1
oderate,1
acquisitions,1
compaint,1
refuse,2
fundamentay,1
refusa,1
rowdy,3
jihadism,2
wrench,1
granted,2
astair,2
pans,26
ith,7
pant,2
greaty,2
trade,21
resorts,1
attitude,1
embassy,1
pane,4
signs,3
itt,1
its,174
roots,3
disposabe,1
fonso,1
pubishing,1
absburg,3
requirementsprint,1
rupees,2
bypass,3
van,2
grandchidren,1
odis,1
propose,1
agitated,1
personne,1
gobaisation,2
uoni,1
mineshafts,1
imperia,4
armys,3
insurers,9
reuctant,1
autocracy,1
iing,1
courses,3
unpredictabe,1
aggrieved,1
authorisation,1
chipping,1
nitiative,1
week,19
begged,1
bends,1
underdeveoped,1
reduce,12
yearthe,1
exorbitant,2
investigated,2
ashvie,1
temporariy,2
unbanked,1
revoutionary,1
mattered,1
ratingcurrenty,1
research,12
weightings,1
obbying,2
foowing,3
ashington,4
eection,22
risen,4
quicky,8
confidence,3
procaimed,1
regon,1
rises,8
director,5
owners,4
strugge,4
ikeness,1
w,1
acutta,1
major,3
rooted,2
protectionist,1
orbyn,2
retweetsremarkabe,1
number,19
horribe,1
firsts,1
protectionism,1
eremy,1
differ,1
heads,2
jet,10
scandafrom,1
arkets,4
ovenian,1
hote,1
franker,1
xit,3
essays,1
contro,14
oundationin,1
immediate,2
appreciation,1
crop,1
xford,1
marshaing,1
rain,2
rampant,1
grace,1
recruitment,1
determined,4
emirates,1
pessimists,1
hurch,5
aay,5
remembers,2
nonetheess,1
contributing,2
arvard,4
fights,1
organisations,1
fter,15
frostbitten,1
ombardier,1
extorted,1
sharpy,2
oerance,1
ismarckbut,1
eonardo,1
oicea,1
cots,1
eanwhie,5
supposedy,1
akumatt,1
defections,1
accepting,3
nationaisms,1
covet,1
sometimes,10
cover,4
ext,125
bodies,6
grappe,1
dragged,2
httpwwweconomistcomnewsetters,1
wording,1
ambiguities,1
ugh,1
ugo,1
cruises,3
angadesh,1
bookings,1
sharehodings,1
session,2
expressed,1
defender,1
occupation,1
bips,1
writes,6
bastion,2
equity,1
giants,1
suggish,2
irector,2
dependent,3
banned,3
mirates,1
trek,1
preparing,1
onger,14
frightening,1
distraction,2
enemy,2
progressive,1
riven,1
uardia,1
banking,6
surrendering,1
obscure,2
river,5
popuations,2
unsoved,1
insane,2
set,24
unpick,1
tree,2
activists,2
hampionship,1
sex,19
sef,8
see,41
frontrunner,1
backfire,3
sea,8
sips,2
armers,1
outward,1
shower,1
ritz,1
movie,2
stretches,3
exchange,16
oxhas,1
endure,1
targeted,2
hecked,1
exposive,1
untouched,1
incident,1
death,10
accumuations,1
ndroid,1
dividend,3
repression,2
curricuum,1
improved,7
ogranichny,2
bioogy,2
connection,1
coections,1
approva,3
approve,2
ichoacana,1
schedue,1
favouring,1
acted,1
hinese,54
community,3
coincidence,1
adimir,4
agents,4
church,6
acceptance,1
wedes,1
weden,7
resutit,1
casuatiesa,1
tooprint,1
combatants,2
singeprint,1
champion,2
fire,3
idde,23
eectrification,1
fund,10
knowedge,4
races,1
responsibe,7
representative,1
insiders,1
towns,3
funk,1
iveihood,2
presses,1
uncertain,1
straight,3
expanded,1
budget,18
pressed,2
error,2
akans,1
osers,2
pound,1
impeaching,1
backing,3
von,2
venerea,1
sitar,1
ower,21
vanish,2
owey,1
audi,13
funny,2
haveas,1
riefing,3
bearprint,1
forgiveness,1
funne,1
mharic,1
nabe,1
comprehensive,1
doar,14
rabia,10
necessity,3
caed,19
umbai,3
nickname,2
residents,2
recent,34
kne,1
aroina,1
oaquim,3
technicay,1
facuty,7
ekite,1
ongoia,1
merey,1
hatchers,1
simpified,1
faiing,2
inets,1
ousting,1
unti,13
unto,1
execution,1
readers,6
reap,2
fitting,1
eager,3
parents,5
input,3
sandas,1
surprised,1
cordon,1
victims,8
ndiaof,1
emergency,4
demands,7
backhanders,1
tweaks,1
suffering,4
recacitrant,1
abound,1
aerospace,2
entrenched,1
projects,5
ommittee,2
imposed,3
ivas,1
immacuate,1
consensus,5
communications,1
continue,5
tribes,4
cronies,1
officiacissorhandswith,1
methods,1
spring,6
resuts,7
bouse,1
adutism,2
emories,1
espite,4
sight,5
iji,1
sampe,2
wresting,1
ength,2
mortuary,1
broadband,1
ceebrate,1
anguages,8
wheebarrow,1
dating,1
shooters,1
be,248
ba,1
agreement,9
bu,1
stawart,2
invove,3
amadi,6
anything,4
endorsed,1
ambush,1
privieged,2
itizens,3
terrorists,3
into,79
appropriate,1
dipomats,1
contributor,1
emembering,1
uncertainties,1
spending,35
bargaining,1
submit,4
atheists,1
crackdown,1
openy,2
surviva,1
suit,1
renovation,1
opens,1
expound,1
suppiers,1
retina,1
pastor,1
deductions,1
posted,4
uy,6
ut,139
impy,3
up,113
us,6
admirabe,3
un,1
mature,2
faded,2
ue,2
uf,4
ua,2
purges,1
itchfork,3
reguations,6
storing,1
boomers,1
deahastened,1
defined,1
consigned,1
cever,1
diverse,1
gravitationa,1
uwait,1
presides,1
hospita,1
defines,1
codes,1
occasionay,3
seamess,2
obiged,1
propensity,1
bstetrics,1
tech,11
actory,1
revision,1
raped,4
excruciatingy,1
prosecution,1
timehas,1
dweer,1
sides,5
swaps,1
ago,15
fighter,2
age,12
summit,1
rkut,1
fresh,8
ags,1
having,9
essay,1
vioations,4
code,4
saying,4
conceament,1
existing,3
partiay,2
ordan,2
broader,2
bomb,2
moon,1
seemed,7
redoubed,1
undoubtedy,2
nder,7
concerned,2
feints,1
young,10
ffensive,1
postings,2
sent,7
jurisdiction,1
street,7
omerset,1
continues,6
reopened,1
andwich,1
sizeabe,1
traumatised,1
argest,13
continued,6
categories,4
suppementary,1
evi,1
keeny,1
marry,1
eve,9
fewer,8
try,9
evy,11
race,7
gauge,1
eserves,1
ttracting,1
issouri,2
vehice,1
frugaity,1
odi,7
video,5
eectricity,4
ithin,1
odd,6
index,10
waning,3
inder,1
indias,1
firms,49
charade,1
bird,3
reporting,1
isoated,5
fomenting,1
gathered,1
mpire,4
poverty,5
cacuation,2
rasmus,1
poicies,20
great,17
biodiversity,1
credits,1
receive,2
casino,7
infatabe,1
survey,2
defeat,3
opinion,5
anking,1
makes,10
maker,3
ajikistan,1
riva,7
apping,1
aagno,1
mazon,3
outcomes,2
contracting,1
coatera,1
apoogy,1
standing,4
doube,4
cheered,1
trategy,2
archbishop,1
whipping,1
ministers,3
next,17
doubt,5
aowing,3
baba,1
igher,1
headscarves,1
subdued,2
baby,1
charity,4
customer,1
rice,2
integrating,1
this,88
acobo,1
insists,5
pour,1
thio,1
thin,6
tempers,1
unsetting,1
feistier,1
misrued,1
wedge,1
weaker,2
bent,1
process,9
industriaised,1
entecostaist,1
high,41
bones,3
etty,1
afficts,1
mudding,4
immoraity,1
choo,8
neary,20
weaken,1
animas,2
samped,1
stimuus,6
caamity,2
miionaire,1
sampes,1
await,1
tied,4
ociety,2
mendment,2
awaii,1
especiay,13
fits,2
ties,2
coast,1
ou,2
manpower,2
reagans,1
counter,2
reminders,1
redundant,1
commodities,9
dauntingy,1
counted,1
repubics,1
counseing,1
tribe,2
automaticay,1
move,9
omney,2
directy,3
perfect,1
circes,1
decay,1
disposa,1
ifting,2
devaued,1
degrees,1
communication,1
poitician,1
obiisation,1
refected,3
nside,1
earn,6
epubican,26
professiona,1
snake,1
jednes,2
aive,6
aradoxicay,1
ambridge,1
pubish,1
traced,1
merge,1
vibrations,1
shortage,1
accompanied,1
beneath,1
watery,1
anada,5
doing,6
society,4
books,2
static,2
aroon,1
tenth,2
witness,4
hrow,3
huck,1
techprint,1
shrinking,1
creditworthy,1
favours,4
ssyrian,1
cutter,1
adaptive,1
ongboats,1
architecture,1
shut,1
uppy,4
ioa,1
ban,3
tempt,1
thrust,6
ofes,1
domicie,1
dubbed,1
revenant,1
ietnamese,3
sibings,1
intersextionaity,2
formidabe,1
faiure,6
assumed,1
receding,1
jurists,1
turmoi,7
editorprint,1
scene,2
owned,3
racism,2
owner,2
ajoys,1
buoyed,1
prank,1
reference,1
iott,2
medding,1
painfuy,1
system,29
aiiot,1
positing,1
coaborators,1
proudy,1
journaist,2
evacuated,1
interests,3
enforcement,2
stomach,1
chagrin,1
deegates,1
gency,3
deegated,1
haven,1
oose,1
incapabe,2
warfare,2
canceed,1
nationaists,2
ratewhich,1
gays,1
femaes,1
steep,2
steer,2
accusing,1
shrinks,1
viewer,1
cuturay,1
partnership,1
terribe,5
fickered,1
heathier,1
documents,5
overthrew,1
soak,2
studying,1
mechanism,3
restess,1
fertiiser,1
weathy,1
scooping,2
soar,2
ifted,5
visa,23
aphae,1
device,1
pastic,1
cabinet,1
fervent,1
rookings,2
osing,1
stronger,1
face,12
ignited,1
individuaists,1
fact,13
atmosphere,4
washbuckers,1
hawing,1
bring,11
rubric,1
rough,1
economist,2
decade,20
miitias,2
championed,2
jaw,1
produces,1
opsided,3
samist,3
hope,16
meant,7
muti,1
bonds,6
impeachment,8
ations,1
exchanges,1
sorts,1
secretariatdevoted,1
aes,6
committees,1
harif,2
harie,2
aey,1
taxes,49
summon,1
aeb,2
reic,1
taxed,1
rein,1
ngis,1
zerbaijan,1
chivvied,1
hristmasthey,1
configured,1
edition,62
irines,1
natura,2
surveiance,1
passabe,1
faied,12
wire,1
extend,3
partisan,1
etropoitan,1
injustice,2
piston,1
mies,3
derogatory,1
negotiated,2
historians,2
humiiating,2
trumpf,1
ets,2
invited,1
encirced,1
deficits,2
drug,1
chosen,2
eta,1
figures,3
eto,1
reied,1
adjusted,1
unearthing,1
co,13
extent,3
hodout,1
authorised,1
ca,6
revamp,1
ce,1
migrant,4
beach,1
uck,2
motto,1
empoyed,1
bottes,2
uckiy,1
outsider,1
powered,3
physioogy,3
refects,3
bockbusters,1
poured,3
reguators,4
hottest,2
waste,3
yeow,1
reguatory,2
bossoming,1
citiesreater,1
atest,9
akenhayn,1
oceanographer,2
graphics,1
anthropoogists,2
uman,6
banish,1
ount,3
chidrens,1
fornicate,1
oung,1
rbi,1
speeoogists,1
uncertainty,5
concerted,1
ve,1
annihiate,1
site,8
hardware,3
counterweight,2
ostensiby,1
sits,1
terrorist,5
maicious,1
digging,4
outbreak,2
terrorism,3
ikey,31
dvances,2
ikes,1
upon,1
onerous,1
forecasts,4
proficiency,1
deadocked,1
underined,1
expand,2
iked,2
off,43
feebe,2
ofe,4
patterns,1
command,1
seemingy,3
exampe,11
drawing,2
newest,1
orwegian,2
righam,1
samic,8
hirty,1
woefuy,1
rubber,1
generous,3
engage,1
nter,1
resuted,2
usefuness,1
combine,1
airift,1
crack,4
sackening,1
wey,1
practise,2
increased,21
government,94
checking,1
inundation,1
heathen,1
increases,5
five,24
racia,4
teasing,1
desk,2
whopping,3
enemys,1
pies,2
descendant,1
atheen,1
judicia,2
oses,1
eectric,1
stashing,1
become,16
nvestors,4
amendment,2
poor,13
satche,1
hemming,1
uncharacteristic,1
owever,9
recognition,3
contested,1
avoid,6
buidings,1
mementos,1
does,30
counci,4
hoarded,1
mante,1
biatera,3
pressure,15
hiding,1
gained,4
sister,2
acceeration,1
asks,2
eteoroogy,3
peak,4
errands,1
commitment,4
referendum,8
assess,1
hinanow,1
gasfied,1
mere,1
disinfation,1
privatey,3
crucia,1
spots,1
restricts,1
cuprits,1
frustration,1
eagan,5
rediction,3
function,1
weekprint,1
ubrey,1
shyness,1
construction,6
convergence,1
hiqiang,2
count,4
fragmentation,2
shrunk,2
unrestwhether,1
triumphant,1
corpses,1
oeman,1
frequency,1
officias,13
ruses,1
distribution,1
baptism,1
driveress,1
officiay,1
bearing,2
nurses,2
contribute,2
shouders,1
ino,3
ink,1
ine,12
ing,1
boostingprint,1
jesse,1
reevant,4
compared,8
aies,3
decaring,2
forests,1
compares,1
itsef,17
repeat,1
homeand,2
footprints,1
popuous,4
chance,13
startprint,1
tinier,1
stradde,1
atriarch,2
inspiration,1
uakers,1
eaders,27
gearboxes,2
strings,1
compete,2
pension,3
eou,2
searched,1
backashprint,1
effectivey,1
controversiay,1
encircing,1
unich,1
saves,2
eadand,1
aviation,1
repacement,1
saved,2
ebbed,1
votes,8
voter,3
chinese,2
spes,1
arker,1
neighbours,12
arket,1
worth,9
partys,7
odman,2
optimists,1
avador,11
distort,1
shoot,2
ntarctica,3
exporters,4
reformist,1
marves,1
exaggerate,1
reg,1
casinos,1
red,1
indices,1
abaya,1
hedged,1
onrad,1
faen,11
itsubishi,1
phones,3
oreas,2
orean,5
hort,1
phoned,1
reaising,2
softwareor,1
mericas,32
petro,3
merican,47
oundation,1
churches,4
famousy,1
connected,1
festive,1
gritted,1
rabias,1
richest,2
protection,5
eading,9
pursuit,1
interna,5
whistebowers,5
items,2
study,7
anchor,1
smoke,2
reeports,1
postponed,4
ake,4
spooks,2
secure,5
compied,2
shun,1
opportunities,4
wecoming,1
coins,1
chooses,1
exacty,3
retaking,2
nchezs,1
marve,1
arnegie,1
aware,1
adventurers,1
emeritus,2
tariff,1
eru,1
exemptionscoud,1
word,66
wore,1
permits,2
work,29
worm,1
theories,2
ere,1
erg,1
era,2
mechanic,1
crackers,1
riving,1
cimatoogists,1
baooned,1
tandard,1
deadweight,1
ither,1
cited,1
grandees,1
uam,2
hoidays,2
tornadoes,2
recovery,4
farce,1
provide,13
verify,1
debauchery,1
interview,1
ordinary,3
resignation,2
hekhte,1
adivostoks,3
after,58
barey,7
urches,1
customs,2
arca,1
arco,3
arch,2
adio,6
austere,1
retort,1
greet,2
purging,1
encompassing,1
revoutionaries,1
green,1
waitress,1
fan,6
atrocity,2
order,7
triggering,1
office,13
defenders,1
innovative,1
popuary,1
nets,1
mayor,2
cuador,1
bombing,1
poicymaking,1
democracies,3
urey,1
somewhere,1
vioence,9
imaayan,1
popuar,5
orun,3
production,7
precipitate,1
versus,1
then,31
them,90
woken,1
bans,2
safe,3
break,8
bang,1
reaches,1
they,141
upis,2
ther,7
bank,18
pegs,1
routiney,2
patry,1
backgrounds,1
axing,3
feeds,2
ritain,24
schemes,4
dumping,2
crimes,5
hosted,1
network,2
fudging,1
remorse,1
medicine,4
disputed,1
standard,10
admits,2
appointments,1
disputes,1
itchison,3
certified,1
hadean,1
hristianity,2
recovering,1
created,9
refugee,9
subty,1
creates,1
oppose,1
bog,1
apanese,10
anderbit,1
hitte,2
another,33
drones,3
marketake,1
overs,1
crunches,1
protracted,1
inger,1
airs,1
rates,49
repubican,4
farming,1
streets,3
fghanistan,4
enhancing,2
diversified,1
rejected,2
ecessions,1
titansprint,1
doubed,3
wasted,1
gitchy,1
historicay,1
beba,4
target,6
ndreas,1
forensic,1
scenes,2
iron,3
powers,6
haves,1
wefare,2
manned,1
ceased,1
compained,2
onathan,2
ambuance,1
spashed,1
rganisation,2
ountain,1
vigorous,1
contents,2
ohani,1
forced,8
quieter,3
strength,3
shorts,1
xxons,1
ections,125
forces,32
indexed,1
conducive,2
farmand,2
extending,1
immediacy,1
quantitative,1
factorthat,1
grave,3
raied,2
hanne,1
fawningof,1
widowmaker,1
enshrined,1
uda,2
raies,2
voting,1
responded,2
fitted,4
renting,1
pacate,2
enjoyed,3
panned,1
panproduce,1
breachedaegedy,1
gutsy,1
oday,6
deepest,4
pursuing,1
predecessor,3
do,37
beheads,1
foowed,4
de,8
preferred,1
da,1
coecting,1
reaity,5
viain,1
runs,2
covering,1
stead,1
gears,1
insurgents,2
steam,4
secretary,1
observer,1
observes,1
nationaist,2
iaobing,1
depends,5
ioators,1
nationaism,3
discussions,2
techniques,1
mangoes,1
fizer,1
omkhuan,2
awaz,1
away,15
pummetsin,1
arcane,1
drawn,2
caver,1
caves,2
misguided,1
eagans,7
we,43
terms,14
wa,4
hai,5
wo,9
poar,1
wi,183
itthough,1
izzous,1
kitchen,2
foes,1
nger,2
eries,1
fags,1
utimate,1
gasped,1
cod,6
cog,1
exceeds,2
requests,1
futie,1
negotiation,1
tough,3
erman,17
iche,1
character,1
neckace,1
widey,11
carrett,1
wider,3
beheaded,1
speak,2
petty,1
engines,10
bamas,2
accentuate,1
dozens,5
warmth,1
duties,3
ehru,3
innocent,1
rgentina,5
attacked,2
ightweight,1
fesh,1
catering,1
regg,1
ataonia,1
intakes,1
inhibit,1
has,271
repace,4
ahead,7
taians,1
air,16
aim,6
ohen,1
aid,5
ssociation,1
voice,2
weakens,2
cons,1
auminide,1
ryin,1
wishers,1
sticker,1
idands,1
separatist,3
throat,1
iega,3
buttering,1
brake,1
comparative,2
stint,1
confirmed,1
descent,1
perform,5
igging,3
officiadom,1
hank,2
independent,3
raid,2
fuss,1
ngish,4
raig,1
posed,1
hang,2
counterparts,3
hand,7
evis,1
rais,1
producers,4
ayor,4
fush,1
gunboat,1
centred,1
prescribed,1
kept,7
scenario,1
reguatorsoverhaued,1
twoprint,1
the,2883
camps,1
operandi,1
epa,2
egay,1
photo,1
mid,10
quotes,1
haiand,2
thanks,10
victim,1
traditiona,2
destabiisation,1
adding,7
shoud,48
iewed,1
fared,1
passive,2
countrys,21
spread,2
transformed,2
board,5
bottenecks,3
battefied,1
fusion,1
consisted,1
devoving,1
unfounded,1
aram,1
insurgent,3
edicare,1
esson,2
theyre,2
securities,1
night,2
augur,1
security,18
starvation,2
hoiday,3
oube,1
heaviy,4
ikewise,1
fasterand,1
born,6
denies,3
comments,2
trustees,1
denied,1
destabiising,1
groundwater,1
insatiabe,1
onthy,1
civiian,1
repository,1
ixing,1
marketing,1
pose,1
graduated,1
aptain,1
post,7
properties,1
trophy,1
monthy,3
newspapers,1
months,33
oba,12
banker,1
horizon,2
oby,1
scaed,1
indecency,1
pays,2
prisoners,1
bound,1
gearing,1
movements,1
capped,1
eikensten,2
httpwwweconomistcomnewseconomic,5
deception,1
sovereign,1
fight,11
conservation,1
way,41
was,304
war,63
becoming,9
ykes,1
restive,1
true,8
absent,1
isit,1
coser,4
rejuvenation,1
oumbia,2
cosey,4
origins,1
cosed,1
anet,2
promises,5
repacing,2
guesses,1
potabe,1
rasberg,1
evidence,13
promised,7
ayton,2
dying,3
stake,2
denouncing,1
topped,1
controversia,4
interested,3
test,4
toppes,1
oyaties,1
shrink,2
brothers,2
convincing,2
update,2
irms,1
scores,4
tracked,1
paces,16
procrastinations,1
together,11
onsaught,1
swathes,1
reception,1
paced,2
songs,1
concept,2
broke,2
switched,1
coaborate,1
odays,3
superpower,1
fod,3
zone,2
midde,10
compensate,2
text,2
terror,1
obody,2
brown,3
oombia,2
ivic,1
hugey,1
airine,1
airing,1
debates,1
reconcie,1
presented,2
evied,2
turns,4
abourer,1
gun,2
gut,5
swaow,2
guy,1
eview,1
theirony,1
widcatters,1
evies,4
excuded,1
cose,13
brave,2
regret,1
cost,31
excudes,2
eader,12
tempest,3
penetrated,1
rapist,1
focked,1
appear,2
shares,5
uniform,4
voume,3
argey,6
shared,3
arger,10
sefie,1
supporting,1
drastic,1
burn,1
anopy,1
inauguration,1
egaised,1
nerdsprint,1
appears,2
change,18
sending,2
coerced,2
trias,1
hyperinfationary,1
chumpeter,3
patriotic,1
hyperinfation,1
repeatedy,1
confrontation,2
ignificanty,1
retired,4
extra,2
federaise,1
marked,2
shaming,1
mobie,9
spenders,1
quenching,1
market,31
buiders,1
demoish,1
canon,1
prove,7
biionaire,1
retweeted,2
adishkanian,1
nergy,3
sighted,1
drasticay,1
missionaries,1
grouprequire,1
unreiabe,2
industrys,1
migrants,10
catchphrase,1
cas,11
car,2
cap,1
chastise,1
ehind,1
incidents,2
can,80
cam,1
utra,2
profoundy,1
spy,6
rebuffed,1
thried,1
aker,1
subsidies,1
topic,1
fortunes,1
abort,1
ennessee,1
spa,1
chid,6
productive,1
aiemariam,2
biasie,1
discussion,1
means,21
giveaways,1
write,1
waterhouseprint,1
recenty,20
jungqvists,1
otterdam,1
disgracefu,1
gaping,2
arceona,1
dominance,3
deteriorate,1
armies,1
product,3
dive,1
southern,14
aow,5
produce,4
aos,3
iberaising,1
heroes,1
nomination,5
aoy,1
remember,1
whenever,1
typicay,3
xpectations,1
assica,4
andidate,1
crept,2
repubic,1
punged,1
opts,3
tagged,1
avaiabiity,1
neighbourhoods,1
indeed,3
ended,7
nefarious,1
soe,1
forma,4
httpwwweconomistcomnewsbooks,6
aptains,1
forms,5
window,1
successfu,6
grueing,1
inefficiency,1
non,12
disparate,1
introduce,2
ungeared,1
not,194
now,62
provision,2
discuss,3
nor,3
enacted,2
wont,2
inversion,1
dramaticay,3
drop,6
wong,1
megaship,1
sot,1
domain,2
en,11
prompted,1
ee,3
ed,31
eg,2
ea,4
eb,4
ristina,2
ex,4
year,86
et,59
ew,38
avoided,4
es,2
fu,11
shown,3
opened,6
efast,1
space,1
irony,1
thirst,2
increase,11
stuff,2
receiving,2
shows,5
atypica,1
strengthens,1
cars,3
rebes,2
divergence,2
cut,20
advantages,2
tightening,2
coaboration,1
arge,15
card,1
care,10
icaragua,2
transition,4
honest,2
concrete,1
suffice,1
xi,1
ransitiona,1
strengthened,1
indecent,1
fi,3
comprises,1
message,3
drove,2
size,7
sheer,2
checked,1
caught,2
reorganising,1
unters,2
urkmenistan,1
iaprio,1
hitneys,2
payout,1
eiminate,1
hifting,1
pomp,1
that,486
taxation,1
maefactors,1
than,179
titans,3
goba,22
threads,2
gobe,3
optimise,1
optimism,1
unvei,1
cobat,1
foats,1
initiay,1
yesteryear,1
investors,22
remained,1
correction,1
anger,2
recover,1
engthy,1
ickering,1
offering,5
inked,2
orruption,1
equipment,3
reiance,2
roster,1
objective,1
igeria,2
utfanked,1
unning,3
begin,5
mountaineer,1
attractiveness,1
price,19
accompished,1
rankin,1
noticedgrown,1
ayadh,1
successive,1
wedish,2
america,1
precedents,1
professionas,2
steady,1
tooth,1
hydrotherma,1
wreaked,1
meanwhie,4
ordination,1
mainy,6
penaise,1
manutrition,2
caims,8
aising,1
discovered,1
canopies,2
resurrecting,1
baances,4
fifth,6
ground,6
aint,1
upgrade,1
ratio,4
proportion,9
inetart,1
ichard,2
aing,1
wiing,2
fort,1
interstate,1
amputee,1
controed,8
meteoroogists,1
beautifu,1
prides,1
cannot,10
duopoy,2
prided,1
abourers,2
uphod,2
hostie,2
ashmir,2
recentraising,1
spurge,2
scientist,2
husband,7
aeria,1
burst,4
attached,1
ends,3
famine,1
huks,1
hoes,1
sport,1
heftjust,1
concern,3
singuar,1
suspects,1
seekers,2
eigibiity,1
between,57
feuda,1
justified,2
avva,1
notice,2
krainians,3
hurts,1
comeback,1
impromptu,1
oege,2
mong,4
pertain,1
monk,2
worryingy,1
orrection,4
eington,1
embedding,1
downtrodden,1
expoiting,1
engthening,1
comes,12
nearby,3
erbia,1
adroit,1
usurious,1
perpetrators,1
eads,1
reeport,2
punishes,1
cares,1
oder,5
mongers,1
airns,1
punished,3
sked,1
aggressions,1
poyphonic,1
restrictions,8
wounds,1
observers,3
stems,2
suspected,2
buet,1
these,31
trick,3
soid,1
inteectua,1
commander,1
whaes,3
embrace,1
tantic,3
worry,10
northward,1
increaseadding,1
media,17
tates,18
quagmire,1
gaantry,1
orthumberand,1
streams,1
gorging,1
document,1
buider,1
ssue,1
finish,2
centuries,1
andarin,1
digitay,1
frankincense,1
foat,2
eite,2
incusive,1
grizzy,1
eith,1
squatter,1
stabiised,1
traps,2
charges,4
purey,1
rancisco,1
radica,4
severe,3
breeze,1
mazonia,1
severa,13
constitutionay,1
otherwise,2
charged,5
bamed,2
dancers,2
neon,1
neos,2
wrecks,1
expensiveone,1
speed,12
tirade,1
renewed,3
upton,2
afaricom,1
warms,1
treatment,1
oans,2
struck,1
momentum,2
seams,1
taney,1
read,3
offence,1
amb,2
heaing,1
gonna,2
coeagues,2
earnest,1
reax,1
reay,11
reat,9
using,7
certainy,2
recipient,3
rear,1
greeting,1
nanoscience,1
benefit,7
t,119
hatprint,1
output,4
downward,5
reveations,2
spiritua,2
exposed,3
imiar,1
stuntmen,1
httpwwweconomistcomnewsword,2
perverse,1
stockmarkets,2
recorded,1
conservative,9
eyene,1
deficit,7
heavyweights,1
uch,10
ubarak,2
uneash,1
wheat,1
uatemaa,1
business,46
seing,4
strained,1
dreadfu,3
uneasy,2
fowered,1
stops,1
marrieda,1
throw,2
artin,2
comparison,4
usana,1
itte,30
epubicans,8
hristians,28
ircraft,3
invested,4
arbados,1
freeing,1
onnecting,1
protests,8
stabiity,2
renovate,1
neuroscience,1
operator,2
nowadays,3
your,12
intervention,2
yieded,1
fearthough,1
area,8
aren,1
removing,1
stark,2
ordinate,1
start,20
ruise,4
assumes,2
arey,2
miions,3
drains,1
swashbuckers,1
crewmembers,1
tooeven,1
indicators,11
aneiro,2
trying,6
centrists,1
fraud,2
embedded,1
comics,1
tumbed,2
urvivors,1
ccounting,1
eections,15
iudadanos,6
ritish,39
edery,2
aribbean,1
describe,1
moved,2
scanned,1
expoit,2
moves,1
edera,6
spintered,1
unfathomed,1
upheava,1
storage,1
event,2
countrysideie,1
suppement,1
mathematics,2
you,23
forcing,3
siders,3
surest,1
authoritarian,2
peas,2
podium,1
opuation,1
coverage,1
assert,1
uinea,5
repay,2
restored,2
embracing,2
overseas,2
overdue,2
resoundingy,1
since,44
month,4
unrest,1
dotcom,2
messy,2
urviva,3
artice,75
mericans,16
oods,3
safety,5
oody,1
buntest,1
uiermo,1
very,23
miitants,1
baefu,1
primed,1
vera,3
rogue,1
minded,3
decide,7
austerity,4
tickish,1
efon,1
terminoogy,1
exican,1
isma,1
hanghai,2
rench,7
fence,1
entirey,3
unheard,1
hepine,1
heping,3
aace,2
painkiers,1
ceebrated,2
fractionay,1
cues,1
consumers,4
investing,4
dirt,1
onna,2
ermanyack,1
asz,1
confidentiaity,1
edited,1
ferocious,1
scoffing,1
confict,7
ceary,4
cartoonprint,1
suicide,4
kronor,4
excess,6
gynaecoogist,1
oscows,2
strong,15
traumas,1
ommission,4
creeps,1
conviction,1
ovemberas,1
inspired,2
mindset,1
peaking,2
amount,8
arent,1
wonderfu,1
iraqs,1
mediator,2
roups,2
requiring,6
hree,3
ask,2
aimed,2
trained,4
chunks,1
britains,1
reverting,1
doops,1
takes,5
orporation,1
taked,2
taken,9
hepess,1
unthinkabe,1
ejected,1
oywood,1
hoids,1
factories,3
producing,1
sovereignty,1
offender,1
ersonne,1
nine,3
budgets,9
izzou,5
history,28
triads,1
possibiity,1
etween,3
ompact,1
bus,1
boycott,2
pushed,5
iona,1
phrase,5
species,12
reeased,3
argas,1
evenant,5
stayed,5
minoritised,1
paramiitary,1
expecting,1
tried,4
rude,1
beigerent,1
fy,3
derived,1
uonis,1
istinguished,1
fa,18
tries,2
orps,1
fe,17
invasion,1
gass,2
inance,3
a,1298
shraf,1
overnight,1
banks,15
beitted,1
ega,10
buge,1
dream,1
urosceptic,1
hierarchy,1
soon,10
uring,6
mistake,1
committee,3
committed,4
uva,1
taxpayer,1
oins,2
fined,1
botched,1
commercia,1
absence,2
systems,7
biggestthe,1
founders,1
peanuts,1
evening,1
battaion,1
yn,1
food,10
dabbing,1
anticipated,1
motivates,1
authoritiesa,1
soundness,2
stronghod,1
foor,4
ift,4
feet,4
payer,1
payed,2
ife,8
stopped,1
fairy,2
occasiona,1
heavy,4
amazement,1
eveny,1
infated,1
beyond,4
anarchy,1
hkrei,3
poicy,21
moraity,5
deary,1
undays,1
surrounded,2
trusts,1
wordy,1
dominated,1
ights,4
issue,5
poice,48
ass,4
earnt,2
earns,1
ast,60
oudthat,1
econd,1
esigning,1
reca,1
houses,4
reason,15
base,3
brightest,1
put,28
ash,4
aso,82
pus,1
anbury,1
americas,1
utins,2
businessmen,3
apparenty,2
modeed,1
prevent,4
seriousy,2
knocking,1
remarkabe,1
phiosophy,1
horse,1
uttery,1
bookmakers,1
station,2
seafaring,1
overcautious,1
scheme,1
shifted,1
storm,3
oyde,1
norma,6
schoogir,1
authors,1
inventing,1
haucinations,1
sign,1
nce,1
financing,2
hundred,3
sta,1
quieterboth,1
audis,1
sti,57
autumn,2
garrison,1
weapon,1
sentenced,1
ynthia,1
contraception,1
juicy,1
perestroika,1
sentences,1
cumbersome,2
ratings,5
adrift,1
evasion,1
cave,5
officers,13
hairdresser,2
barmy,1
ibet,4
reaised,1
ihemshaven,1
towards,21
choos,1
exempted,1
kas,1
reguate,1
ebruary,4
sponsored,3
hicago,2
aritas,1
surpuses,2
approved,3
oscow,4
creators,2
ining,1
physica,3
astern,6
physics,2
shamboic,1
phenomenon,2
encrusted,1
depoiticise,1
registers,1
fueing,1
epacing,1
egion,1
reminiscent,1
uthority,1
northern,13
justice,12
udans,1
sumped,3
vercoming,1
pretty,2
hardened,2
verest,4
dominant,2
treet,3
cahns,2
punters,3
trees,3
famous,3
grew,9
pretending,1
competing,2
during,23
piing,1
borderands,1
ompanies,4
sacrificed,1
ords,1
performers,1
sacrifices,1
stored,2
hype,1
decared,7
poisoned,1
crams,1
throwing,2
ourting,3
niformed,1
manning,1
engineers,1
descriptions,1
disabiity,1
portrait,1
preschoo,3
udding,1
pictures,1
asterners,1
won,11
inhua,1
ipper,1
honour,2
assistants,1
conditions,10
pictured,1
kins,1
stagnation,5
missing,3
poorer,1
onad,13
spray,1
genre,1
understanding,2
both,37
secrety,2
orthern,6
boodine,1
cashing,1
minorities,3
sensitive,4
anoi,3
buzz,1
ntes,1
baccarat,1
deciding,1
demographic,3
hewn,1
infating,1
downfatreads,1
spotting,1
reish,1
subsidises,1
described,4
stamp,1
dams,1
damp,1
iennes,1
traditionaists,1
describes,3
territory,4
empty,2
generating,1
incusion,3
wet,1
deter,1
determination,3
caiphate,1
guerrias,4
unquaified,1
governor,2
pace,22
technoogy,15
guide,2
pack,1
uncompromising,1
simiar,9
voters,6
wagering,2
ready,3
eeds,4
disma,1
ifts,1
tudent,2
grant,5
uensum,1
shae,4
nzac,1
composition,1
used,21
temporary,3
optic,1
youngsters,1
censure,2
papabe,1
arvards,1
uses,5
user,3
yuan,5
afficted,1
stape,2
binked,1
wedged,1
cautiousy,1
cyced,1
secession,2
vioent,1
coup,2
chore,4
cout,1
derring,1
resembing,1
breathtaking,1
quarters,2
ayant,1
coud,58
reviewer,2
startups,3
anagers,1
retirement,2
ongress,22
carat,1
unscaed,2
questioned,1
remaining,3
ight,7
ctober,8
showing,6
ngine,1
cropper,1
game,3
dangerousy,2
nvestment,1
wings,1
defied,2
outright,1
inviting,1
envisioned,1
eet,2
resorted,1
ees,3
manifest,1
een,1
provoking,1
utures,1
minced,1
signay,1
brakes,1
creation,2
some,76
diigenty,3
metres,8
trends,1
economic,54
admitted,2
cimbs,1
crewmates,1
guideines,1
discosed,1
emocrats,2
irways,2
stea,2
run,18
evauated,1
ombed,1
ummer,1
rug,1
rue,13
ruz,8
spendingexacerbating,1
step,7
puras,3
neutra,1
egecting,1
abroad,11
rut,1
faith,2
adeusz,1
ratt,10
hings,2
aye,1
pains,3
beong,1
experiences,3
ide,2
shiny,1
brawnier,1
ida,1
seeing,1
justiceprint,1
within,10
ensue,2
statistics,1
eone,1
visas,22
suggishness,1
refecting,1
remorseessy,1
russias,1
shipped,1
registered,1
reiterated,1
russian,1
paneed,1
hares,1
ceremonies,1
accessibe,1
gogges,1
humiiation,1
uts,1
proiferation,1
peopes,5
suddeny,1
ordered,2
unusua,1
precept,2
predictions,1
inteigence,7
shockingy,1
amounts,3
visitedhad,1
fears,2
transport,3
forge,1
shrug,1
draw,2
uyana,1
aser,1
proseytisation,1
bravado,1
osta,2
raqi,10
drag,1
economicay,3
ess,43
structura,4
restrained,1
structure,3
adziaics,1
afety,1
e,65
ictor,1
outine,1
required,3
turbines,1
reapse,1
heath,15
neighbouring,2
injiang,1
ignorant,1
foowers,4
requires,2
sounded,2
pinion,1
doorstop,1
cheerfuy,1
disturbingy,1
nuns,1
evidenty,1
proposition,2
oiding,1
go,21
demonstrators,1
arin,1
ario,1
consuted,1
mosque,3
industriesnotaby,1
arrogance,1
attackers,1
aris,3
cahn,8
oegians,1
murderous,2
entrepot,1
macris,1
prudence,1
piebergs,1
wave,7
minera,1
eectionan,1
stiff,1
gender,1
button,1
watered,1
accaimed,2
orchestrated,1
enforce,4
hyped,1
apans,4
ntrades,1
rumps,9
expunging,1
noise,1
hostiity,2
ardent,1
mutua,2
ducation,1
aign,1
exacerbate,1
pagues,1
experiment,1
encose,1
fooding,5
stance,1
obe,17
mposing,1
focused,2
pashing,1
commerciay,1
enterprising,1
discosure,3
convert,1
overseen,2
repes,1
products,7
oversees,2
nited,19
ierra,1
ierre,1
aronite,2
wid,1
danger,2
win,8
andthough,1
evacuations,1
revot,2
gimmick,1
comers,1
astward,3
eectora,2
remains,12
camera,3
stage,1
deport,1
depreciate,1
bureaucracy,2
popped,1
started,6
becomes,1
benchmark,6
irreguar,1
epaese,1
agent,1
conficting,1
abour,13
isas,1
appointed,5
triion,8
cacuate,1
meek,1
sanctions,2
averaged,1
ied,2
recession,9
esaegn,1
crossed,1
servants,1
meet,9
nurture,1
fataisticay,1
crevasse,1
providers,1
escaped,2
utput,3
sought,2
founding,1
egardess,1
skirt,1
unpasteurised,1
contros,3
wagesand,1
incudes,4
arcays,2
poetry,1
arrangement,2
incuded,3
fare,2
misdirected,1
seasonthe,1
moderatey,1
chiefs,1
rredeemabe,3
monitoring,1
eyes,2
introduced,4
areasan,1
painkier,1
predictor,1
catte,3
advocates,1
agenda,3
computationa,1
software,11
fastest,1
ethehem,2
fattest,1
ataans,1
rendered,1
ticket,2
cruise,8
ariffs,1
aert,1
inquisitions,1
outet,1
backers,1
consuar,1
pensioners,2
enshrine,1
hande,1
arbiters,1
hands,2
front,10
sogans,2
handy,1
turbofans,5
igest,1
university,17
beief,1
cothing,2
mode,4
crossing,1
beies,1
upward,1
ufthansa,1
map,3
margina,1
chunk,1
inverted,1
measure,7
separating,1
whirwind,1
sient,6
unveied,1
critics,2
activist,2
vauabe,3
cause,12
catharsis,1
unda,1
deadying,1
acked,1
attending,1
unds,1
istening,1
conservatives,1
warriorsprint,1
haratiya,1
resumed,1
doctrinaire,1
poiticians,13
maths,1
timer,1
keep,23
counterpart,2
keen,3
mountaineers,2
confrontations,1
ministrys,1
housing,5
designed,5
enneth,1
scanning,1
avering,1
ndia,22
unsupported,1
improving,2
pointedy,1
suck,1
sosh,1
orkers,2
management,6
neutraise,1
bears,2
tinkering,1
adopted,1
acques,2
attack,5
prematurey,1
detaiand,1
tourists,8
paved,1
trave,10
punish,2
oice,4
jinpings,1
oicy,3
exceent,1
mantra,1
habarovsk,2
bey,1
guerria,1
ernndezs,1
providing,4
bet,4
enforced,1
panning,9
thwarted,1
deadinesnothing,1
airifted,1
horrors,4
sardonic,1
chambers,2
need,23
fissiparous,2
zooogist,1
border,13
tabe,3
pening,1
earner,1
cascade,1
evoutionary,1
pursued,6
purchasing,1
instance,9
ngand,10
singe,18
truck,3
smaer,7
atogether,1
adies,1
aws,6
intentions,1
vunerabe,3
demise,1
egacy,2
awa,1
uncontacted,4
ure,3
ura,1
consequences,3
upset,1
urt,1
proceedings,3
ruciay,1
databases,1
businessman,4
ury,1
ouube,1
affair,3
emerging,24
encrypted,1
ihones,1
subcuture,1
shoes,2
partners,2
based,15
unfinished,2
earned,5
hada,1
privation,1
hector,1
bases,1
fashy,1
inherited,2
hopefuy,1
utimatey,1
achieve,5
ritains,16
joint,1
joins,1
entity,1
dodgy,1
iatera,1
sowing,3
tobacco,1
hiring,2
intoerance,1
shy,1
itri,1
sha,3
sience,1
she,46
contain,3
proponents,3
grab,1
preach,2
handover,1
footba,3
unfamiiar,1
shake,1
humans,2
portend,1
argued,2
computer,4
desperate,2
nternet,4
overtones,1
aros,1
eterson,1
ampshire,3
reveaed,1
urham,1
tend,12
cautionprint,1
written,2
convince,2
tens,3
neither,1
outsiders,1
tent,2
spares,1
importance,1
avid,8
deeted,1
kicking,1
recessions,1
nteigence,2
key,9
squads,2
reasury,1
deivered,2
ison,3
toerate,1
inequaity,2
disasterprint,1
career,1
trove,1
strains,3
admit,1
hite,4
interesting,2
ncrediby,1
budgetary,1
aoist,1
ntrade,4
outgunned,1
atican,1
quit,2
ataonias,2
tread,1
addition,2
peasures,1
cowards,1
immense,4
yan,2
treat,2
minimise,2
poet,1
predictabe,1
oth,7
chieving,1
senses,1
diversity,1
ota,1
expenditure,2
rowse,1
abortions,3
ttenborough,2
ots,6
ajoy,2
mudded,2
utside,1
harder,7
ceiing,2
secrets,1
overdeveoped,1
underies,1
dynamism,1
riposte,1
hangjun,1
resident,5
disodge,1
auminium,2
surface,2
echara,1
amented,1
saiors,1
bucks,1
coonise,1
capture,2
appicants,9
decine,6
oony,1
identities,1
began,14
cinics,2
proceeds,1
matches,1
when,62
parts,12
speaker,2
incumbent,3
underground,1
party,36
fanatics,1
discourages,1
oowing,2
forgotten,2
effect,7
isca,3
discouraged,1
fierce,1
indigenous,2
ists,1
ueequeg,1
destruction,1
compendium,1
intercede,1
i,34
variety,1
rife,1
rista,3
baance,3
advertises,1
restore,1
ongresses,1
ovartis,1
accurate,2
hese,13
aenbergs,1
sources,1
mistakes,1
distant,2
daiy,5
ieinger,1
reveation,1
streamined,1
ushered,1
regionparticuary,1
araguay,1
detai,6
expanation,5
headed,1
httpwwweconomistcomnewsasia,4
universities,4
nata,1
homework,1
uniatera,1
fata,2
acris,2
definitive,1
fate,3
devised,1
crushed,2
historic,1
whatever,5
burden,4
bottoms,1
contentiousness,1
prominent,5
necessary,5
fingerprints,2
compicated,1
oivarian,1
payments,5
ecent,1
martia,1
refugees,11
page,2
shef,1
shes,1
anmohan,1
home,21
moderates,2
poity,1
broad,3
oaded,1
oppression,1
ruers,3
kwei,1
tides,1
feeing,1
hinder,1
usan,1
reaching,3
monetary,10
expansion,1
devauations,1
offset,4
erseyside,1
errorists,2
freedom,1
persuades,1
weaponry,1
accuratey,2
madams,1
persuaded,1
uba,4
additiona,1
absoutey,1
secretive,1
accused,4
beeaguered,1
digitsand,1
argaret,1
iming,1
hoprint,1
cricket,1
hy,4
north,10
behod,3
atin,11
ideoogicay,1
ead,14
hi,1
gain,2
courts,2
eap,3
eas,4
ear,4
eat,2
he,539
signed,3
themsevesas,1
missives,1
piece,3
urging,2
taes,2
twist,1
mechanica,1
education,11
contest,4
offensive,6
conventiona,5
henzhen,3
ricewaterhouseoopers,1
obigation,3
ohammad,1
ecaiming,3
arry,2
esearch,6
star,4
stas,1
idife,1
stay,6
refreshments,1
stab,1
otheads,1
friendy,2
ommodity,1
jackson,1
friends,1
extras,1
inser,4
diagnosis,1
todays,14
sashed,3
demand,22
ndess,1
protest,2
hitney,8
aider,2
aides,3
apparatchiks,2
captain,3
orth,12
whose,27
consoidating,1
insurgencies,1
pensions,8
auo,5
seaed,1
painters,1
aup,3
setprint,1
trousers,2
teaching,1
sorry,4
characterised,1
sway,1
faciities,1
rescue,1
saary,1
compying,1
intriguing,1
suggesting,2
updates,2
reforms,13
affect,2
vast,5
commony,2
companies,27
vector,1
enhance,1
unauthorised,4
aiemariams,1
headine,2
favoured,3
force,15
concise,1
warns,1
fourish,1
enty,1
even,46
asin,2
hatever,4
prostitutes,1
asic,2
agehot,4
oyaty,1
hepfu,2
new,110
tips,3
ever,15
eves,4
unintegrated,1
deemed,4
statehood,2
seventh,1
men,12
drew,4
met,5
active,2
roing,2
imbaance,2
orbes,1
oman,2
economics,13
iberation,2
credit,9
permit,1
economica,2
theres,1
tweet,1
moray,1
campaign,12
comfortabe,2
moras,1
county,1
guests,3
drowned,1
broadcasters,2
counts,2
morae,4
army,22
remainder,1
uropean,27
arms,4
maes,1
esewhere,14
coony,3
survive,1
type,2
energeticay,1
enezuea,4
supporters,6
wary,1
composite,2
wars,6
warn,1
disruption,1
warm,3
frenzy,1
buttressed,1
pacts,2
nteractive,3
shepherds,1
room,3
rights,18
cendon,1
ishreen,1
suggestive,1
compaints,2
buffoonery,1
give,12
househod,1
foods,8
viage,7
oiday,1
schoochidren,1
orkshires,1
advancing,1
gumming,1
autonomy,2
unconstitutiona,1
answer,1
perious,1
biion,37
minority,4
undergoing,1
vicious,1
fracas,1
ove,5
president,35
ydzyk,4
dvocates,1
purchase,2
attempt,9
ativity,2
third,18
isteners,3
consistenty,1
okhy,3
operate,1
apse,1
operations,6
fetus,1
mystica,1
miennia,1
kong,1
spendour,1
before,43
nucear,3
owand,3
gente,1
crew,9
better,24
aryja,5
weeks,6
surcharges,1
overcome,3
donors,1
engufed,2
combination,3
weakness,2
unreated,4
hardiners,1
ziennik,1
downright,1
pervasive,1
transates,1
meat,2
inconsistencies,1
accompish,1
arrested,2
mistrust,1
fringes,1
went,14
side,26
bond,5
nava,3
ievan,1
iquefied,1
aide,1
taught,2
trading,5
ons,1
dawn,1
mandated,1
annuaised,1
decree,1
risby,1
restricted,1
obert,1
content,1
kied,7
surprise,8
parks,2
scrambing,1
zendak,1
turning,4
resume,1
utch,6
revenge,3
thieves,1
mushrooming,1
ampened,1
hakira,1
speechwriter,1
rindr,1
aboutprint,1
shaggy,1
starts,1
professions,2
messages,7
ist,5
fertiity,1
rowth,2
triumph,1
swiping,1
arrived,3
diggers,5
udger,1
udges,1
features,1
economists,9
grade,1
oneprint,1
hoop,1
hook,1
saied,2
disappearing,1
vividy,1
outay,1
acceerated,2
historian,3
oomsbury,1
weatherprint,1
uncassified,1
moisture,1
traveing,2
somewhat,1
symptom,1
begins,3
etter,7
preparation,1
matter,2
conomic,11
jeopardise,1
sees,2
federa,9
modern,6
mind,2
reassert,1
tempestprint,1
erhii,2
seed,1
seen,13
seem,12
churn,1
seek,5
expeditions,2
empoy,1
sharehoding,1
strongy,1
chest,1
trunde,1
worsening,1
enshrining,1
starved,1
wrists,1
pubished,9
taxers,1
unha,2
ureower,8
technoogies,2
pubishes,1
presidentia,10
highighted,1
consumed,1
m,42
dog,1
intoerabe,1
competitors,1
points,18
anuf,1
consumer,2
eyed,1
discontent,2
sowy,5
commemorating,1
difficut,6
hunger,2
visitor,1
retire,1
ending,1
taented,1
treaties,1
attempts,3
stepping,2
thirds,6
quartery,1
judges,8
terrestria,1
surged,1
debts,3
judged,2
integrate,2
esome,1
eibo,8
wearing,4
exports,6
above,11
stop,7
perceive,1
stor,1
hoidaymakers,2
ubramanian,1
hinas,28
aposte,1
consuting,1
ungainy,1
krainian,4
optimistic,2
bay,1
bad,6
traversed,1
eary,21
ovement,1
unaffordabe,2
bak,1
bai,1
attest,1
fascinating,1
testing,5
yrenees,1
zones,3
decided,2
incorporating,1
subject,7
voyage,3
said,35
coege,1
scrap,2
continent,3
assimiationdenying,1
stoking,1
artificiay,1
endess,1
brazis,1
ome,34
ingered,1
induging,1
azan,1
vaue,12
picking,3
suggested,1
unt,2
mattersa,1
against,44
une,4
contribution,1
confronted,1
prospect,3
appeared,1
incessant,1
initiative,1
spearheaded,1
puts,5
basis,3
eectorate,3
three,49
tiny,3
commission,2
trigger,3
interest,31
basic,2
entered,7
threw,3
website,2
deeper,4
sag,1
exacting,1
strictures,1
osni,1
daughter,3
censored,1
kerofs,1
exception,3
tank,10
vendetta,1
reinstate,1
economies,17
transformation,1
expains,2
near,17
murders,1
chauvinism,1
seven,8
manoeuvring,1
ip,1
is,613
ir,2
it,283
defeated,4
aaysian,1
cant,3
im,4
cans,1
io,3
in,1144
ia,2
march,1
owoon,2
ie,4
id,1
ig,2
if,47
grown,7
iao,1
gambers,2
ibertarian,1
aussen,1
make,45
quid,1
unfortunate,2
sat,3
confronting,1
grows,2
meets,3
bearded,2
advocate,1
channes,1
governors,2
overa,6
kit,1
renaissance,2
kin,1
peeoogy,1
regory,1
opportunity,4
butter,1
crade,1
youre,3
berate,1
practices,3
aruch,1
ventured,1
investments,5
just,56
sentence,1
sporting,1
signaed,1
unfair,1
aside,1
assigned,1
fighters,4
identify,4
etting,1
human,14
eaing,1
unipers,1
yet,23
manifestothat,1
masse,1
buyers,2
candidate,7
regarded,2
reconciiation,2
justices,1
save,5
trimming,1
outets,1
apua,4
sapped,1
inguist,1
paymentswith,1
eaand,2
modifications,1
ope,2
whichever,1
totay,1
athoic,3
destroy,2
heicoptered,1
egisative,6
dreams,1
profitabe,2
kiings,2
prediection,1
performing,1
unnecessary,2
iipino,1
onsider,1
signposts,1
theorists,1
gypt,4
dead,5
ecessary,1
deay,2
matterthat,1
oads,1
deas,6
revea,1
dense,1
trace,1
outspoken,1
archivist,1
arguing,1
soutions,2
concea,3
egitimising,1
predicting,1
enthusiasticay,1
zigzag,1
mbudsman,1
bury,1
highway,1
equivaent,3
aujah,5
ribs,1
aremont,1
embarrassingy,1
orea,13
magazine,2
onstitutionay,1
afternoon,2
commit,1
styed,2
owfation,7
nerve,4
erri,1
managers,10
persistenty,1
washed,1
down,47
canny,1
erry,1
doctrine,1
ertrand,1
communists,2
annoyance,1
riskier,1
weathered,1
spurging,1
inspected,1
resoution,2
imit,3
victorious,1
editor,3
simiary,1
angkhar,1
ihar,1
bert,1
form,12
andidacies,1
cooured,2
utea,1
yrgyzstan,1
mazonian,1
etha,1
syndicate,1
uter,1
atrocities,3
marter,1
prevents,1
staged,2
isand,5
bureaucracyand,1
isands,1
anguage,10
propaganda,1
hypertrophied,1
hereas,3
covert,2
defeating,2
fashioned,1
ustraian,3
ship,6
dited,1
graft,1
outsa,1
anayst,6
deadiest,1
aunts,1
doars,5
handed,3
sufficienty,1
anayse,1
historica,3
aurice,1
misinterpreted,1
bodest,1
initia,1
outback,1
authorities,8
transfers,1
moreover,1
died,7
happening,2
assume,1
femae,1
deivery,2
badi,4
teeth,2
beigerents,2
wedens,4
profits,10
unding,3
caibre,63
precise,1
managed,5
obstructive,1
skis,3
bombed,1
invent,1
manager,2
swingeing,1
renberth,1
skin,1
busiy,1
bomber,1
decentraisation,1
hijacked,1
desirabe,1
anticipation,2
praises,3
fancies,1
show,13
father,4
fawess,1
marks,1
suffered,8
rofessor,2
adviser,4
aggressivey,1
ogos,1
inciting,3
innovation,3
hesapeake,1
defying,1
advised,2
ma,4
unni,6
pious,1
governments,38
stiffen,1
sogan,3
prod,1
hoid,2
swapping,1
banished,1
did,18
die,1
dig,2
scuptors,1
agricuture,1
round,6
agricutura,1
unexpected,4
teephone,2
pregnancies,4
eectorateroughy,1
ashar,1
onvergence,1
forensics,1
nstitute,13
eating,1
targets,2
soured,1
wondering,1
adds,3
unachievabe,1
stee,3
internationay,1
favour,6
addy,1
specuation,3
suspect,1
poicing,4
unrestricted,1
iaprios,1
processing,4
viages,3
echnoogies,1
dward,1
baoonist,1
achs,1
epartment,2
wait,3
box,2
boy,1
ongside,1
institute,1
shift,4
bow,3
concusion,1
boa,1
boc,2
sharehoders,4
ships,7
crusading,1
teenage,1
treasure,1
aidan,1
cared,1
contradictions,1
modus,1
verge,2
unvisited,1
sympathetic,1
pera,1
additive,1
troops,6
sake,2
visit,4
cimate,4
uas,3
ays,1
ood,1
sharing,1
owest,3
oom,2
oon,1
ook,14
expanations,3
oor,3
naysts,1
apped,1
effort,5
avoiding,2
uawei,1
bossiest,1
dispayed,2
sous,1
growing,12
making,24
arrive,4
biter,1
ruthess,1
councis,5
fricas,2
frican,8
battered,1
craze,2
evys,2
burgeoning,1
inundated,5
pine,1
chemicas,1
pure,1
bothprint,1
sworn,1
orest,1
inputs,2
staying,1
harmess,2
may,90
praiseworthy,1
mae,1
mad,1
mai,1
critica,2
destructive,1
bessing,1
grow,8
man,9
omen,2
riya,2
borrowing,10
evove,1
inhabitants,1
quaity,1
incude,7
agony,1
basket,1
whaing,15
itanic,2
fronts,1
amost,14
pointed,1
argues,4
undquist,1
awahara,1
cuts,23
differs,1
graduay,4
outweighed,2
estern,19
group,18
thank,2
ynch,1
eopes,4
coaching,1
writers,1
main,13
undermines,2
ourt,4
finance,16
views,2
igests,1
boats,2
touching,1
discoveryprint,1
prima,1
responsibiity,7
possess,1
fudge,1
amateurish,1
arrows,1
peered,1
rock,1
aboishing,1
girs,2
treacherous,2
oosevet,2
morning,1
reaxed,1
veocity,2
expansionsmart,1
interference,3
emerged,3
dominate,4
correct,2
shawho,1
sideways,1
ort,1
pumping,1
spies,1
oro,2
ork,13
ictory,1
deveopment,7
ord,6
ore,11
ussias,11
advance,3
regarding,1
ministry,5
thing,7
principe,1
principa,1
think,21
frequent,2
first,82
exotic,4
cheese,1
detaied,3
uead,3
cimbing,1
suspended,2
carry,9
corporations,5
sounds,3
accommodate,1
duardo,1
participates,1
anyone,8
fiery,1
reieved,2
speaking,4
mining,4
inefficient,2
memo,1
orries,2
massages,1
bookmaker,1
essons,1
ighter,1
framers,1
eptember,9
dissenters,1
protected,3
booted,2
venture,5
were,129
decemberprint,1
gathering,1
prizesthe,1
appreciate,1
conspiracy,1
ordea,1
anuary,8
esides,1
speakers,2
potentiay,2
efficient,5
imon,1
fiing,3
endangered,1
performance,7
cooing,1
bets,3
pumb,1
pain,7
ordinated,1
theatre,1
investigations,1
track,3
stimates,2
isoation,2
paid,11
icahn,1
barrage,1
sheets,1
pair,3
queens,1
massacres,2
vigiantes,1
essentia,1
rating,3
shot,3
privatising,1
contemporary,1
representatives,1
forbidding,1
ussein,1
shod,1
corner,3
trebed,1
deportation,1
fend,1
tockmarkets,1
stormy,1
nsper,1
storms,4
behind,7
impunity,1
manoeuvre,2
reen,1
ongresss,1
treasury,5
enthusiasm,1
awareness,3
get,26
contracts,2
psychoogists,1
secondary,2
beprint,1
median,1
across,22
ocking,1
ondon,5
finishing,1
worrying,1
ardys,1
caous,1
seas,1
seat,2
teething,1
wonder,2
rupo,1
rade,4
azarene,1
avadoreans,2
imits,5
forecast,8
enough,16
reading,4
checks,1
estminster,2
infrastructure,6
parent,2
fakedreay,1
nkings,1
countenance,1
tug,1
motivations,1
dates,1
contortions,1
tuck,1
trades,1
according,23
airines,3
airiner,1
unpopuar,3
intoerant,1
unreguated,1
dated,1
edford,10
remake,1
spare,1
faprint,1
traded,2
itigroup,1
among,23
forecasting,4
extravaganty,2
grants,4
stretched,1
freak,1
perpetuating,1
comprehend,1
entited,2
probabiity,1
considering,1
arts,11
owdeswe,1
arty,11
encryption,10
imaayas,2
gooding,1
mark,3
empoyees,6
barre,3
enderson,1
unusuay,2
tabes,2
arth,4
borders,4
acri,7
ocay,1
industria,5
artn,1
educated,2
shopping,4
graveyard,1
offered,3
dangerous,6
efficienty,1
dramatic,1
wake,2
vents,1
cobbing,1
teing,1
those,40
sound,6
predicament,1
ideoogy,8
markedy,2
jizya,1
exporer,9
associates,1
ratchet,2
eave,7
promising,5
investigating,3
margin,2
conferences,1
devotees,1
sincere,1
strain,1
sudden,3
socioogist,1
interocking,2
oftiy,1
diseases,1
deduction,3
different,22
coect,2
harsh,1
istory,3
pay,30
outays,1
tour,2
same,30
speech,1
pae,1
stepped,1
pan,25
exhaust,3
extended,4
sickness,1
assist,1
running,7
oiy,3
rimea,1
rubera,2
drain,2
upended,1
intermittent,1
hues,1
reated,2
easing,2
haing,1
amazed,1
remarkaby,2
nai,1
gaining,1
gangs,1
sighty,3
schooing,1
money,23
entangements,1
deaing,2
suppies,2
suppier,1
aspect,1
positions,1
subpots,1
oiticians,1
cantprint,1
pasters,2
sprang,1
dipped,2
hurding,1
bettors,2
extensive,2
heavier,1
grip,2
unscrutinised,1
overnment,1
department,3
avadors,7
disappointed,3
grim,3
appies,1
serves,1
audience,2
either,11
served,4
appied,1
bservers,1
ackson,2
bamier,1
andscape,1
untransated,1
compain,4
spash,1
ascent,1
sovency,1
generates,1
booming,4
entities,1
confirm,1
footing,3
pioneer,2
aiway,1
outh,36
moderate,8
vistas,2
seect,1
themsevesare,1
raqs,5
regons,1
raincoat,1
each,18
dictators,1
resign,2
refers,1
aduro,1
booms,1
stations,2
fringe,3
generated,1
roat,1
obby,1
samisation,1
pockets,3
mixed,1
road,10
cautions,1
unempoyment,6
whites,1
spreading,1
omputers,1
headines,1
references,2
uckeew,2
strip,2
unnerves,1
nforcing,3
notoriousy,2
fated,1
ongressmen,1
brute,1
uyuan,1
nstitution,1
decisive,2
passports,2
thundered,1
spicy,1
ocas,6
hirteen,1
gory,3
strikes,2
sophisticated,1
hurricanes,1
pitchforkprint,1
possibe,19
possiby,1
aongside,2
ophie,1
toerance,1
coonia,2
sounder,1
videos,1
doorbut,1
defences,3
deer,5
rapidy,2
deep,15
generas,3
imagination,1
departments,2
quadrupe,1
generay,3
rotection,1
again,7
retiring,1
drivers,1
iiam,1
narcotics,1
ovember,15
fying,1
students,15
durations,1
narrative,1
aster,1
systemsand,1
decadeand,1
important,11
brands,1
uchananwho,1
httpwwweconomistcomnewschina,2
remote,2
assets,5
roams,1
refutation,1
boosters,1
u,13
haired,1
once,20
starting,2
caste,2
represent,2
reating,1
founder,3
ndangered,1
upreme,3
ithout,3
azakhstan,2
founded,10
cosest,1
forged,1
cawed,1
expressions,1
rkebe,1
encaves,1
ozote,9
increasingy,6
upheavasthe,1
dipomatic,2
diffuse,1
shredding,1
preserved,1
ratethe,1
inheritances,1
premium,1
distorting,1
sitting,3
yied,1
osses,1
payro,1
witter,2
rading,2
utin,7
difference,6
hye,1
mothers,2
backthrough,1
further,13
damper,1
exemptions,3
overstretched,1
frontiersman,1
iven,3
ritten,1
zero,12
perspective,1
andon,1
massivey,1
acceerator,1
stood,3
abe,5
capitaists,6
usim,5
seaze,1
ecoogicay,1
aigning,1
movement,5
fabuous,1
quenched,1
outgoing,1
eporting,1
orture,1
component,1
jobprint,1
ranges,3
squeezed,5
disastrous,2
operating,5
worthwhie,1
peacekeepers,1
suppemented,1
eevation,1
nti,1
search,3
prosecutors,6
enmity,1
cock,3
acebook,2
medica,2
airport,5
misery,1
mentions,1
unexpectedprint,1
httpwwweconomistcomnewsinternationa,1
ibetans,1
africa,4
emptied,1
themif,1
sanction,1
armed,4
rethren,2
swastikas,3
eye,2
smoudering,1
distinct,1
wiped,1
destination,1
anathema,1
asty,4
iterary,1
rura,4
utranationaists,1
endowed,1
hegemony,1
nver,1
roube,2
staggering,1
monoiths,1
aunching,1
technoogica,1
town,7
none,7
hour,3
cosures,1
sucks,1
houd,1
remain,15
pressing,2
ongtime,1
abandon,3
dea,18
purchases,1
compare,2
deirious,1
junked,1
ndausia,1
herad,1
httpwwweconomistcomnewsamericas,2
minimum,2
numbers,9
sharp,3
stin,1
maturing,1
needs,9
drained,1
needy,1
shmaes,1
acts,2
ssex,2
eveand,1
ursine,1
ursing,1
nteigenty,1
congressiona,1
profiting,1
geopoitics,2
uprising,1
advice,1
questioning,2
ambassador,1
coming,7
ussoini,2
response,8
emming,3
tweeting,1
coar,2
waysis,1
coan,1
sect,1
coak,1
unexpectedy,1
infant,1
creaky,1
rounded,1
earing,3
swamped,1
efrigeration,1
through,34
deterring,2
existence,1
suffer,2
weath,4
peste,1
andscapes,1
pad,1
saon,2
pu,1
chirp,2
good,26
seeking,9
primary,7
mystery,2
eventua,1
pregnant,2
ashes,1
inding,1
deteriorated,1
sprawing,1
turbofan,10
harm,1
everyone,7
hark,1
house,12
energy,9
hard,32
monks,1
triffids,1
edro,1
excrescence,1
fist,1
insurance,6
initiatives,2
funding,9
atching,1
teeds,2
throes,1
deeveraging,1
projected,5
acting,2
print,63
ranz,1
crumbing,1
recoveries,1
geared,7
extraordinary,2
esterners,2
impossibe,1
members,14
impeached,1
backed,12
kirchneristas,1
beginning,1
bragged,1
benefits,9
hasses,1
computers,3
conducted,2
rainforest,1
arnivas,2
indebted,2
takeovers,1
dont,4
swetering,1
waged,1
stabe,8
instances,1
done,12
embraced,2
copped,1
incrediby,1
wages,4
wager,4
coonised,1
revive,2
construct,1
statement,1
compromise,2
painy,1
weibo,1
aduts,2
outying,1
part,25
pyrrhic,1
doctors,2
gruesome,1
inconvenient,1
tacking,1
revitaised,1
ingey,2
deveop,2
ubin,2
ubio,6
contrary,2
supposed,5
peaker,1
riton,2
atch,1
ubic,2
windiest,1
swerve,1
achats,1
accumuated,1
ndians,2
wecomemay,1
aged,3
fading,1
shipbuider,1
mountain,6
onsei,1
rominent,1
majority,13
maiing,1
deepening,1
commentary,1
province,2
tanged,1
compe,1
underpinnings,1
headmaster,1
nowden,1
chart,12
audatory,1
essa,1
most,79
esse,2
ndrzej,1
significant,3
services,15
compressor,4
ki,2
mediation,1
km,4
capitas,2
ecipsed,1
weigh,1
pease,5
egisators,2
joining,1
sector,4
channe,1
commissions,2
businesses,13
fina,3
fine,2
find,10
rctic,3
uness,2
yearan,1
bayhooed,2
giant,5
nervous,2
distributed,1
unhappy,1
freedoms,1
reaise,2
reaism,1
headman,1
uzuki,1
notation,3
egitimacy,2
brainchid,1
courage,2
battes,5
annexation,1
restart,1
irtuay,1
remova,2
faiings,2
deegation,1
common,8
homas,1
rebaancing,1
restaurants,2
gated,1
shortfa,1
excavation,3
aghdad,5
unsustainabe,1
impications,2
warike,1
unsustainaby,1
tender,1
nove,2
industriaisation,1
prim,1
feared,2
repairs,1
expert,6
visiting,1
dataprint,1
powerhouse,1
fans,2
burned,1
champagne,1
ruises,1
vindicated,1
dividends,2
arbosa,7
ike,50
driing,1
reversa,1
reverse,5
restaurant,2
tipping,1
foreign,36
mistrusted,1
devoution,1
afar,1
ceebration,2
consume,1
point,12
odwater,1
eadership,8
newborn,1
poing,3
shutdown,1
throughout,2
expensive,8
ensures,1
uian,1
raise,9
frets,1
geria,2
create,8
etherands,2
yperactive,1
rexit,1
respecting,1
secret,3
outook,2
meeting,3
proposas,5
gay,2
assorted,2
gas,9
pariament,2
gap,1
avadorean,2
understand,4
prices,38
resisted,1
gaa,1
fur,1
ometimes,1
fux,2
fuy,1
fue,9
suitabe,1
debased,1
century,16
enga,1
yatt,1
iicon,1
onsequenty,1
ogic,1
harmonisation,1
remedia,1
hoidaymaker,1
fizers,1
benign,3
argesse,2
dwinding,1
patenty,1
ruth,1
currencies,5
itch,4
humber,1
keys,2
moment,7
investmentsuch,1
purpose,2
aggregate,3
prouder,1
sump,1
timid,2
predecessors,4
entra,13
task,2
entre,7
bigamist,1
utiity,1
spent,8
ampe,1
craves,1
arthwatch,2
y,20
entry,3
chemistry,4
spend,7
pariamentary,3
echoing,1
corneras,2
distracting,1
shape,2
chaenge,9
timber,1
wage,3
impetus,1
dynastic,2
rgentines,1
uchu,1
cup,1
hated,2
protecting,1
xporing,1
source,2
studious,1
hankar,2
cub,1
cum,1
taxand,1
manage,2
big,44
rebound,2
pricey,1
istorians,1
matters,4
foreigners,1
bit,4
bis,2
knock,2
semi,1
deciphered,1
retake,1
indication,1
hoovering,1
akistan,4
often,30
extremism,1
back,58
egisatures,1
pricing,1
egiona,3
decision,10
integration,11
per,10
seabed,3
peg,1
oey,1
patient,2
oes,1
continuing,2
use,20
restrictive,1
chanting,1
goods,9
snoop,1
threshod,1
drama,3
ounce,1
easingthe,1
obstetrician,1
gambit,1
ssemby,1
ounci,5
strugging,3
ush,17
upport,2
pps,2
ungary,4
broadcasts,1
infected,1
forward,6
spitefu,1
ommentators,1
sodiered,1
immigration,5
hoped,4
boys,2
quiescent,1
hopes,7
directed,1
widerness,1
annument,1
mavericks,1
surpus,1
ithium,1
aversion,1
fiefs,1
pedges,1
units,3
constant,2
acoho,4
backprint,1
stripped,2
beckoning,1
ibur,1
cafs,1
images,3
oment,1
cure,1
dragging,1
denying,1
materia,2
henieres,1
razis,33
ikings,1
accounted,1
faeces,1
statutes,1
radford,1
beow,13
intensifies,1
favourite,4
ibera,3
roed,1
tota,4
popuated,2
iberian,1
appaing,2
restoration,1
desert,3
stipuates,1
deterrence,1
jobess,2
bankers,1
presenting,1
tabasdrums,1
cceerating,1
troubed,4
artices,3
troubes,1
intricate,1
ughes,5
feeber,2
incuding,20
coumn,1
contacted,2
chunkier,1
intensive,3
httpwwweconomistcomnewsobituary,1
tzendorf,1
eart,1
ingredient,1
uddhists,1
aays,1
aows,3
backash,2
assan,1
putting,3
reverberate,1
aiwanese,1
pinions,1
entire,5
staffs,1
quaities,1
nternationa,10
shock,7
mucky,1
aowed,11
bizarre,2
ceasefire,1
particuary,12
crow,1
oors,2
demonstrations,1
dayvictims,1
unresoved,2
exuberant,1
scientific,7
doctrines,1
zest,1
teecoms,1
giving,9
anthem,1
twiit,1
access,5
piped,1
exercise,1
body,5
mauricio,1
bades,2
inping,5
safey,1
packing,1
objects,2
others,14
arons,1
sing,1
safer,3
oodrow,1
extreme,1
hidren,1
pathoogy,1
eess,3
dispaced,2
proof,1
courting,1
composed,1
named,1
scandas,1
inkings,1
presidents,4
eeden,1
private,12
names,2
composer,2
onfederate,2
beckon,1
redictions,1
wecome,8
eninist,1
arnatic,2
underying,1
chi,1
turboprops,1
invoving,4
harrowing,1
prized,2
baooning,1
upcoming,2
reigious,8
trait,1
train,1
iccard,2
prizes,7
tattered,1
account,9
handfu,3
f,38
wordit,1
package,1
obvious,5
oviet,9
tunnes,1
didnt,1
fetch,1
reentessy,1
aitham,1
ach,1
reserved,1
domicied,1
ountains,1
reserves,2
smattering,1
spruce,1
contempt,1
native,4
mbraer,1
regiona,9
maturities,1
democracy,2
staunchy,1
regions,8
varies,1
winners,4
forest,6
tanford,1
fatherwho,1
highy,2
aibeas,1
fran,1
waters,4
beatedy,2
ersian,1
nationaity,1
sip,5
angkoks,1
genuiney,1
fray,1
ariament,2
bombers,1
immediatey,3
bind,3
chief,9
cardina,1
furious,1
bartenders,1
embers,2
aand,1
hoprite,1
onboard,2
bunch,2
industries,12
bridges,1
revived,3
eun,1
criminas,4
ogge,1
winning,5
resorting,1
heroism,1
eastwhen,1
prevai,1
toppe,1
greater,7
dam,1
oyages,3
mention,1
cutting,5
infationwi,1
mandate,5
feeings,1
day,19
stunts,1
roughy,3
identified,2
reiabe,2
siver,2
reate,1
cimbed,2
experienced,2
constraints,1
mortaity,2
repubicans,1
programmes,7
empires,2
eking,1
rey,1
defend,2
rev,1
mate,1
ren,1
rea,17
ssad,1
announced,10
ree,6
mosty,7
inica,1
pacifist,1
approaches,4
que,1
quo,3
receipts,1
interaction,1
mortar,1
yarn,1
emand,1
ommunists,1
taxesto,1
barriers,2
uncovering,1
artiery,3
south,3
discipine,2
arbosas,1
bame,1
bama,5
beiefs,2
strategic,3
expain,3
improvements,3
facie,1
reached,8
owning,1
myths,1
ancient,1
uxury,1
arcos,1
pots,1
unspecified,1
tepping,1
casuaties,4
scant,1
rusiov,2
scans,1
gear,4
awyer,1
strongman,2
orces,2
economys,1
udd,1
orced,1
discretionary,2
observed,1
visited,4
torrents,1
idar,1
marketpace,2
cavers,2
aterpiar,1
deterred,1
businesss,1
have,269
dictate,1
particuar,8
keener,2
demonstration,1
mik,1
onine,13
mie,1
gravity,1
incentive,5
provokes,2
mix,3
concerns,1
empoyment,1
bemused,1
omme,5
restarted,1
eight,7
enate,3
handbag,1
payment,1
afresh,1
enthusiastic,1
avishness,1
request,3
disease,1
desperatey,2
soey,1
capita,46
absurd,2
occasion,1
skinny,1
umbrea,1
recas,2
recess,1
setted,1
supported,4
rebuke,1
festooned,1
underappreciated,1
prevaied,2
staff,10
wear,1
communism,4
grabbed,1
normaised,1
tormenting,1
persisthave,1
ecession,1
bicyce,1
ambiguity,1
tropics,2
communist,6
inferior,2
enrik,1
vaeys,2
forecastsprint,1
photography,5
bear,6
divisions,5
exceptionay,1
beak,1
timing,2
areas,5
herever,1
organ,1
brutaity,1
teams,1
obviousy,3
chaenging,1
excesses,1
fixed,3
troubesome,1
eshmerga,1
inton,6
racked,2
watersheds,1
ansueto,1
intensity,1
enhanced,1
iyadh,1
imposition,2
reform,18
pattern,3
eiminating,2
canons,1
badges,1
routine,2
progress,6
superior,1
bossiness,2
monarchy,1
handpicked,1
straights,1
accountabiity,1
eecom,2
fapping,1
hutan,1
oosen,1
oitica,2
joke,1
taking,14
ousseff,18
whaers,3
oosey,1
suness,1
deriding,1
equay,1
usefu,2
comment,1
appication,5
ambushed,1
invasive,4
fforts,1
aimessy,1
ohn,6
vena,1
harpoon,2
news,4
unearthed,1
oand,5
otentia,1
exposure,1
tremendous,1
muddy,2
exhausted,1
gaze,1
seasoned,1
certain,7
rump,24
upbeat,1
stationed,1
received,4
protect,3
ridden,2
httpwwweconomistcomnewsfinance,6
finished,1
wartime,4
radicaise,1
iconomics,1
arisen,1
homes,2
cassica,10
appearance,1
as,350
promotes,2
exhumations,1
caving,1
reais,4
redicting,1
ensuing,1
externa,2
grasped,1
missionarys,1
coumns,2
dissent,2
termism,1
briiance,1
weighed,1
arrangements,1
tampered,1
watched,1
readiy,1
partner,4
emocracy,1
uton,1
productivity,7
oing,1
administration,1
remainstwo,1
insouciant,1
tighten,3
aiing,1
amiia,1
receives,1
caters,1
aestinian,1
ios,1
assauts,1
ernndez,2
discredited,1
aking,3
spitting,1
tepuis,1
tighter,3
ennsyvania,1
cottish,4
usuay,7
appications,3
thought,8
coo,1
sets,1
position,1
akariya,1
infuence,5
stores,2
indefinitey,1
executive,6
domestic,7
storey,1
nicknamed,1
interim,2
seats,6
tone,1
apostasy,1
uying,1
raves,1
dentifying,1
nasties,1
add,5
cheerier,1
stoen,1
ought,2
tests,1
assachusetts,1
judiciary,2
yieds,4
coapsed,1
controing,1
hees,1
success,10
heeer,1
heed,1
works,8
soft,1
raditions,1
httpwwweconomistcomnewseaders,5
chanceor,3
aeda,2
authority,3
hair,3
hais,2
proper,1
easiy,7
happens,3
woud,127
est,13
encouraging,4
tacat,1
omasz,1
devauation,2
ese,7
pued,1
esh,1
panes,1
conference,4
whistebower,3
hose,9
panet,4
unavaiabe,1
host,4
worthy,3
noisy,1
about,71
rinted,1
anded,1
withdrew,2
actuay,3
windfa,1
rtur,1
binge,4
teven,1
easures,1
unhas,1
downgrading,1
suppied,1
rgentinas,5
chronic,1
guard,3
doesnt,1
easured,1
iions,1
ridge,1
privatisation,1
rushed,1
histebowing,1
awarded,4
oish,5
biggest,18
rvind,1
hotspots,1
buy,7
civi,3
insurer,1
thiopian,7
ebanons,1
brand,4
ifetime,1
but,120
buk,1
repeated,2
thiopias,5
strident,1
wonkish,1
bue,3
irginia,2
reguar,2
ecosystem,1
originay,2
wiss,2
backfired,1
minutes,1
humungous,1
pin,1
whisper,1
probaby,14
exceeded,2
pie,1
saes,7
periods,1
ambassadors,1
pit,2
campus,8
oad,3
revocation,1
udapest,1
dressed,1
detais,6
oar,1
ducked,1
cashed,1
virtuay,1
dictatorships,1
shipthe,1
detractors,1
variation,1
edicine,4
ritons,3
shrank,2
thumping,1
christians,1
caiming,2
pupis,9
odemos,7
trio,1
waiver,1
heartess,1
ounge,1
thoroughy,1
hagge,1
hats,2
penchant,2
defining,1
appetite,4
patches,1
crises,3
bureaucrats,4
eguators,1
under,39
pride,3
guarded,1
risk,20
rish,5
rise,13
evera,2
wordwide,5
eirut,1
smiey,1
every,25
missionary,5
greenbacks,1
sunk,1
obsessive,1
venue,2
infexibiity,1
jobsprint,1
schoos,8
enjoy,2
unconventiona,2
consistent,1
estimates,2
direct,4
surrounding,3
persuade,2
toerant,1
estimated,4
hide,1
cademy,2
podding,2
appying,2
beaten,1
sung,1
ommunity,2
conduct,2
seeks,2
isitors,2
eigious,1
kicked,2
atform,1
hundreds,4
roya,3
represented,5
path,3
urthermore,2
property,5
hunting,1
ventures,3
changed,4
jogging,1
compaining,1
changes,5
punishment,1
normaisation,1
biometric,2
stray,1
freeywoud,1
haiands,11
erected,1
patience,1
viscera,1
enabed,1
regicide,1
apan,25
irdman,1
spectacuar,3
compositions,1
discrepancies,1
asset,4
raids,1
imaginedmustnt,1
breathe,2
dumped,1
epiogue,1
grief,1
phone,5
must,10
quarres,1
join,4
onia,1
brandishing,1
mo,1
advocacy,1
proverbia,1
daft,1
steathiy,1
onservative,2
spoier,1
my,1
fortress,1
meida,1
orway,1
roperty,1
diminished,3
fawed,2
times,16
coection,2
fieds,2
ceremony,1
end,36
returning,1
visasup,1
ocked,1
ent,2
bunt,1
toxic,1
gate,1
widespread,2
cyberspace,1
description,1
mouths,1
mess,1
coffers,2
poked,1
ountaineering,1
caim,5
amid,3
nike,3
amia,1
daredevis,1
easternprint,1
amiy,3
enter,4
reforming,2
amir,2
ovey,1
over,77
expects,4
arabundo,1
vita,2
oved,1
digest,1
ima,3
outsized,1
nocturna,2
hypocrisy,2
expored,1
expectations,7
writing,2
destroyed,5
imp,1
difficuties,1
ympic,3
internationa,8
tourist,2
payouts,1
prevented,2
comparativey,1
roost,1
hitherto,1
tourism,5
shadowy,2
ntegrating,1
victory,12
fitness,1
eace,1
uchanan,14
rritu,1
wariness,1
aczynski,4
wenty,1
veryone,1
combining,1
usics,2
stressfu,1
god,7
nity,1
fisca,13
goa,2
sand,1
ivision,1
banning,1
got,6
independence,10
associate,1
fragie,4
free,20
fred,1
hane,2
boosting,6
sias,2
wanted,5
fret,2
voatiity,1
ontt,1
resuting,2
days,15
priorities,2
outfits,2
finay,2
pressureprint,1
onto,2
rang,1
orkshire,3
researcher,1
outaws,1
rank,3
ociaist,1
enin,1
rans,3
awrence,1
dysfunction,3
mercury,1
top,19
downprint,1
merica,51
too,42
percentage,8
tod,6
deveoped,7
urban,1
murder,4
airwaves,1
serve,1
took,12
anchester,2
incur,1
western,5
sian,13
postcards,2
brushed,1
chidess,1
firstif,1
abuev,1
discriminated,1
immigrants,9
expe,3
rag,1
bockade,1
rab,6
ran,12
sowdown,5
rai,1
raw,2
rat,1
rap,1
raq,14
socia,25
chemica,1
unreaisticay,1
wagered,2
ray,1
expanses,1
hich,1
doughty,1
snow,1
situated,1
oriented,1
contact,6
postgraduate,1
reversed,2
anagement,1
detained,1
though,48
speciaist,2
ocia,12
odest,4
centres,6
defence,10
coapsing,1
disarmed,1
correated,1
exico,6
treats,1
bocked,3
devastating,1
enezueas,1
treaty,2
iicit,2
ecause,2
enterprise,2
rancis,1
pope,1
reductions,1
random,2
sage,1
deicious,1
trasounds,1
radio,1
earth,1
abo,1
endowment,2
traditions,2
ardiff,1
spite,1
peasants,3
oca,46
situations,1
institution,1
rebeious,1
gods,2
boied,1
nstead,8
borrowed,1
reationship,4
watch,2
despite,12
report,12
erhaps,4
interrogated,1
overbearing,1
countries,49
ruing,8
grades,1
individua,3
method,1
enison,1
twice,4
sunit,1
batteship,1
ruins,3
powerfu,7
goomy,1
swept,1
habit,2
remaking,1
edfordshire,3
oivia,1
urrey,1
corrupt,1
sporadic,2
byword,1
combustion,1
capacity,11
missies,2
mur,1
onservatives,1
grumbe,2
mug,1
finger,1
approach,6
discovery,10
revious,88
exportabe,1
regionaism,2
vaues,2
weak,7
however,11
boss,3
nightmares,1
adage,1
newy,4
refugeesweden,1
devout,1
bueprint,1
improve,7
faced,5
concudes,1
outros,1
extracts,2
facet,1
games,3
encore,1
faces,11
athetic,1
expense,3
suggest,5
decined,1
betting,11
occupants,1
necma,1
decines,1
trust,1
bureaucratic,1
ropey,1
bathroom,1
beed,1
beef,1
warehouses,1
been,108
confident,1
expected,16
auricio,4
cacuations,1
drugs,3
speeches,2
enterprises,1
catch,1
eksei,1
chengen,4
congomerate,1
deepy,3
censors,4
n,174
ape,1
cooniaism,1
inaccessibe,1
teachers,1
stopping,1
cracked,1
institutionsthe,1
natives,2
coupes,1
experts,1
metas,1
boated,2
iterature,2
unsavoury,1
triped,1
invovement,1
figureshas,1
beside,1
ussification,1
drawback,1
inventory,1
advances,3
harming,1
papaya,1
peaks,2
positivey,1
characters,1
eorges,1
numericay,1
staving,1
ompany,2
obstaces,1
ocean,7
cranes,1
savings,6
greatest,5
bondhoders,2
mother,3
outnumbered,2
odertaje,1
proposed,10
feuded,1
arosaw,1
humiiationof,1
proposes,2
schoarships,3
orbachev,2
monitored,1
cutches,1
furry,1
patching,1
deicacies,1
disadvantage,1
gang,2
appeaing,1
trashed,1
gave,6
mounds,1
bands,2
breaks,1
raziian,9
descending,1
judge,3
huking,1
advanced,3
apart,2
trivia,2
gift,2
egaity,2
hunt,2
specific,2
offices,2
officer,4
hung,2
taent,1
ennis,1
unstabe,1
acao,1
wipower,1
escape,6
indirect,1
ick,2
ich,1
combat,1
coercion,1
centre,9
ice,4
everything,6
aboish,3
aying,4
quiten,1
nwanted,1
christmas,1
adrid,1
core,15
who,132
tmospheric,1
seenand,1
skinare,1
corn,1
forcesmost,1
httpwwweconomistcomnewsunited,5
fooishy,1
capitaism,2
eaves,2
attacks,5
neoiberaism,2
undocumented,1
dinner,1
ensure,5
capitaist,1
apoogised,1
uropeans,2
toothpicks,1
presence,2
ahi,1
obtaining,2
two,91
tribuna,4
donated,1
ahu,1
emigrate,2
rounds,1
existed,1
exhumation,1
transform,2
stuck,5
fought,4
crews,5
gin,1
unremarkabe,1
ideon,2
rivate,1
head,6
medium,1
steers,1
cimb,1
differences,5
heat,4
heap,1
sustained,2
outfow,1
removed,1
versions,3
bids,1
eates,1
ruined,2
submitting,1
nerds,3
trim,1
reented,1
expoited,1
tria,2
horty,1
sometime,1
troubing,2
trip,6
regime,5
unwiingness,1
propagandists,1
nn,1
no,74
tit,1
assembe,1
whereas,4
nc,1
nd,99
ne,24
junta,1
ny,8
setting,3
stagnant,2
assemby,1
vanished,2
upheavas,1
erosion,1
picture,9
permitting,1
reconsider,1
cinic,3
accordingy,1
younger,2
faster,3
moustaches,1
uncovered,1
ukhoi,1
serious,9
ousseffs,8
joste,1
stacks,1
rom,71
roe,9
obviate,1
stumbe,1
guava,1
owerhouse,2
row,1
inverse,1
httpwwweconomistcomnewsscience,3
enon,2
passage,1
environment,5
charge,4
newsprint,1
promoting,7
weakening,1
discovering,1
scrawny,1
demurey,1
federation,1
reations,19
puing,1
iede,5
niversity,18
urkana,1
impressive,5
brothes,2
brother,1
iabiities,2
standards,4
posta,1
towe,1
says,75
trend,6
usiness,9
vocationa,4
invaded,1
peda,1
dried,1
bubbing,1
stifing,1
esearchers,1
substitute,1
stands,4
spira,2
eritage,1
kiing,1
goes,6
ideoogues,1
water,15
pioneered,2
groups,16
strategies,2
visitedhoe,1
typica,4
disappeared,1
unidentified,1
boast,1
neo,4
rethink,1
magine,1
retaiers,2
descended,1
eibosent,1
igures,1
fourishes,1
weird,1
emerge,3
ard,1
jobssee,1
ruinousy,1
stubborn,1
peer,1
bribery,2
raude,1
crisis,17
visibe,2
vivid,1
brighter,1
confounded,1
sports,1
infexibe,1
memory,4
suppy,25
wrongy,1
runei,1
eshing,1
today,14
smeared,1
avadoreansthink,1
enyan,1
share,13
thunderous,1
maximise,1
downhearted,1
egitimate,5
panish,9
cases,7
enyas,4
piano,2
buid,5
abeed,1
batte,11
unbiased,1
differentprint,1
modified,1
nstagram,1
districts,1
pubicmuch,1
chapter,3
yria,10
trump,1
figure,7
unarmed,1
stroke,1
dropped,3
counting,1
requirements,6
reece,3
inheritance,1
disgruntement,1
mismanagement,1
differenty,1
fourth,3
ssessment,1
subsidiaries,2
huge,7
motorists,2
birthday,1
removedif,1
nannies,1
efforts,12
syndicates,1
awkward,1
commodity,14
achievedsti,1
frica,10
imminent,2
recognised,3
comfort,6
words,17
consuate,1
constituents,2
utand,4
midnight,1
worship,1
resuppied,1
ppe,1
spur,2
organisation,3
extremis,1
offers,8
resuppies,1
farmer,1
hanks,1
simpe,3
ooming,3
othersincuding,1
conquer,1
caing,2
feature,2
porters,1
boozing,1
gushing,1
ahr,3
term,30
name,6
corners,1
ooking,4
debating,1
nodding,1
cruisesa,1
hatefu,1
nbar,4
styes,2
cearer,1
unproductive,1
gape,1
thuggish,1
kraines,6
gaps,1
ceared,1
begun,4
quaifying,1
isoationist,1
reckons,12
hysteria,1
hackes,1
factors,1
profit,5
tensions,1
uantum,1
factory,2
attracted,1
suggestsor,1
ncreasingy,1
unch,1
formuae,1
ruce,2
deadine,1
theory,3
booby,1
dispatched,1
ataan,3
treatments,1
decare,4
entai,2
tiptoeing,1
itmus,1
zech,3
impose,4
motion,1
unpaid,1
enmark,2
addad,1
addam,1
revenue,4
exporers,7
soaring,2
commissioners,1
iberaisations,1
weaknessespoor,1
engineer,2
given,13
virgin,2
returns,8
convention,1
white,6
oters,2
gives,10
hud,4
wrongdoing,1
cope,2
season,3
overcapacity,2
conomist,8
cops,3
ewis,1
hus,2
immigrant,7
wide,4
compains,1
require,7
iberate,1
r,203
cards,2
outcome,6
widy,2
pre,6
ane,3
ang,2
pro,8
pri,3
prostitution,3
ank,13
ant,1
rent,1
any,40
prosperity,1
ideas,4
etrobras,7
wandered,1
crimina,3
sightprint,1
primaries,1
fueed,3
downpaying,1
probem,18
icos,1
sure,3
eath,1
visitors,3
freshman,1
difficuty,2
resiient,1
aboratory,1
considered,9
ovie,1
proud,3
hungry,1
annua,6
trafficking,1
irchner,3
oseph,1
senior,8
efferys,1
cheat,1
aeropane,1
cheap,6
downpours,1
spaces,1
superb,1
yrias,1
nadir,1
cycone,2
state,35
crime,6
wood,1
fficias,3
transfusions,1
yrian,2
tock,1
foow,3
hatcherism,1
bypassing,1
narrowy,1
expectation,1
uminary,2
hedge,3
qubay,1
decommunised,1
verdicts,1
reproductive,1
inevitabe,2
sociaists,1
dramas,2
paper,3
predicted,3
mapped,1
inevitaby,5
pants,1
discussing,1
reveas,3
ignored,3
chaenges,1
chaenger,1
imposing,1
procaims,1
rmy,1
unwisey,1
maximum,1
chaenged,2
soiciting,1
turbine,5
encouraged,2
farmers,1
ways,8
subsequent,2
review,1
casses,1
commitments,1
ncio,1
weapons,1
outside,7
xporation,1
invokes,1
seers,1
surfaced,1
grieves,1
arawak,1
dutifuy,1
bituary,6
cyce,1
eements,1
cities,7
come,14
arrivas,1
reaction,4
missions,1
efficiency,1
soyabeans,1
region,13
priests,2
quiet,1
contract,1
southernmost,1
senator,1
deported,1
duty,3
afterwards,1
pot,2
hunched,1
pos,7
pop,1
satisfaction,1
pundits,3
cuinary,1
chidren,21
grand,4
swift,1
ivers,1
coupe,2
bequeathed,1
eites,1
boster,1
ivera,1
featuring,1
engine,11
direction,2
overwhemingy,1
carefuy,2
ostentation,1
understandabe,1
eatery,1
minister,25
spirit,3
paying,5
bedfeows,1
cash,11
cast,4
cass,6
shops,2
cknowedging,1
fetuses,1
recounted,1
someone,2
hristmas,18
shopkeeper,1
participant,1
author,2
dithering,2
eaving,7
bown,2
injurious,1
shifts,2
buys,2
thiopians,6
constructed,1
events,5
status,10
persona,6
driver,1
upshot,2
driven,7
ventuay,1
statue,3
changing,2
weep,1
cartoon,3
threaded,1
modes,2
rance,8
nchez,7
yodor,1
without,26
components,1
na,2
reward,2
researchers,2
justify,1
expeed,1
tip,2
drafters,1
ninth,1
briianty,2
ecoogy,1
captured,2
announcement,2
asyum,3
hint,1
rose,7
seems,15
except,1
hina,62
rosy,1
poised,1
feminism,2
ross,1
enates,1
amentabe,1
downoaded,62
defaut,2
accepted,2
ooge,1
erversey,1
ittering,1
reduces,1
arxist,1
donations,3
potentia,11
reduced,5
shunned,1
deduct,2
passers,1
respectivey,1
capitaised,1
competition,4
ondons,2
nuance,1
aoys,2
provided,7
freey,3
overstay,1
micro,1
expusion,1
redit,3
aaysia,2
mercenaries,1
eorge,7
provides,3
provider,3
nion,6
soya,1
offett,2
freed,1
optima,1
eorgia,1
ocation,1
found,22
beaches,1
on,353
om,4
evoved,4
oi,33
oh,4
of,1582
oe,4
od,25
ob,2
stand,2
irreevant,1
ow,50
tariffs,2
ot,15
os,3
or,172
annoyances,1
rued,4
triba,3
rafts,1
instruments,2
titanium,1
rues,10
rising,9
determine,1
poemicamost,1
inadvertent,1
teevision,4
gnorance,1
there,70
disposed,1
sparsey,2
strict,3
racist,1
etterseconomistcom,1
deteriorating,1
expatriate,1
condone,1
thers,3
ehi,1
hode,1
egraat,1
regard,2
adjustmentfor,1
hods,1
strenuous,1
garnered,2
promote,4
symbo,1
andside,3
excitabe,2
goden,1
creeping,1
connect,1
russes,3
russet,1
contributors,1
raziians,4
taste,1
aced,1
abtamu,1
aienated,1
governed,1
stakehoders,1
spends,1
eicited,1
schoars,1
deserve,1
hinzo,1
schoary,1
ouring,1
ige,4
househods,5
compex,2
intervas,1
orris,1
immunity,1
igh,2
separate,3
symbos,1
recognise,3
taxesincuding,1
oddy,1
booked,1
informationsay,1
wife,5
invest,7
odds,4
curve,1
ratted,1
civiians,2
behodprint,1
nforcement,1
isaster,1
usims,10
enthraing,1
earners,11
spacecraft,1
systemic,1
icy,1
dish,1
everyones,1
decisions,7
synthetic,1
ooked,3
weaks,1
beicose,1
asenberg,1
activities,2
woman,2
worse,7
ured,1
song,1
far,32
fas,5
icas,1
faw,1
fat,6
focus,9
fai,4
worst,7
triatera,1
gearbox,10
ticker,3
fag,2
fad,1
intimidate,1
mutipe,1
ookings,1
programme,11
marketsthat,1
ten,12
tea,3
gambe,2
rate,47
inheiro,1
design,5
springike,1
tes,1
what,45
imported,1
sub,2
seective,1
sun,1
sum,3
ixonian,1
anniversary,3
ccess,1
peasing,1
version,7
attitudes,1
conceivabe,1
racing,1
guns,2
persevered,1
airiners,1
soothed,1
supportthough,1
seeping,1
behaviour,3
appiances,1
tragedy,3
optiona,1
incrementa,1
identity,2
extremey,3
options,2
tumbing,1
sticking,3
sutanate,1
gamour,1
financiay,1
vuture,1
invoves,2
ectronic,1
denominated,1
quasi,1
pigrims,2
invoved,5
reand,3
aunched,9
imate,2
faing,10
branded,2
markets,48
minor,1
ariaments,1
artnez,1
knows,1
definition,1
grabbing,1
operators,5
ssexs,1
domination,1
stick,2
ichigan,1
known,30
actua,4
eegant,1
ethno,1
ectora,1
perverts,1
pony,1
division,2
protects,2
swung,1
reputation,4
court,10
eijing,6
rather,27
breaking,3
musica,4
aoft,1
rouetteprint,1
goas,1
oyd,1
goat,1
oya,5
okhya,1
sandwich,1
weaknesses,1
dodrums,1
fungus,1
okhys,1
arhus,1
rban,2
uang,1
aegedy,3
short,17
grandy,1
departure,1
ards,1
ardy,1
shorn,1
uromonitor,1
affiiated,2
tanks,1
copper,2
outraged,2
isnt,1
andmark,2
normaising,1
etiring,1
pray,1
inward,1
mattress,1
strange,6
bout,2
might,35
quaify,2
return,10
hoping,6
rainforests,1
orry,1
arack,4
enson,5
reands,1
communities,4
jihadists,6
adventurous,2
bigger,9
abeit,1
cean,8
mayora,1
ewspapers,1
enawi,1
cear,6
friendship,1
fourfod,1
untington,1
generation,6
posts,1
strugged,1
expect,5
strugges,3
organised,2
infuences,1
scrupuousness,1
shipment,1
etan,1
induced,2
exodus,1
guess,1
garing,1
organising,2
deputies,2
attendant,1
oncerned,1
generate,2
boodetting,1
thread,2
equa,4
depoyment,1
prejudice,1
threat,5
issouris,2
consequence,4
seeming,1
upper,5
hiips,1
cients,1
notify,1
radicas,1
fees,6
aunch,3
rebeion,1
radicay,1
idea,9
passes,1
story,8
temperature,1
watches,2
isboa,2
financed,1
hangs,3
passed,5
grimy,1
coasta,2
nxious,1
finances,5
nions,2
option,4
hotes,1
embroied,1
attract,1
schoo,19
discosureprint,1
king,1
kind,2
ayment,1
aims,2
onas,1
riyas,3
architect,1
risks,7
teve,1
infation,52
impies,1
risky,2
specuates,1
strengthen,3
imports,1
urther,3
ndonesia,5
erssons,1
ummers,1
onsidering,1
ranand,1
ungs,1
eft,28
imitations,1
port,2
moist,1
chairman,4
finding,6
added,5
rastic,2
warnings,1
reckon,4
inconvenience,1
reach,7
enduring,1
nothing,4
seasons,1
anadianstwo,1
measured,2
achievement,2
constitution,9
traditionay,2
institutiona,2
mineras,2
institutions,5
stones,1
conomistcombogsbuttonwood,2
wayside,2
expicit,1
banian,1
fining,2
costing,4
iez,1
tockhom,5
ies,3
abiding,1
ernando,2
ien,1
vitaity,1
chafe,1
mutiparty,1
thiopia,9
cott,3
his,245
hit,6
gains,3
eographica,1
httpwwweconomistcomnewsbritain,3
hia,4
hid,1
hie,3
ucrative,1
estabishment,2
him,25
hio,3
grievances,2
hrough,1
dministration,1
httpwwweconomistcomnewsbusiness,5
investigate,5
cartoons,1
activity,1
wrote,7
bars,1
ars,1
art,3
achieved,4
ary,1
rebe,1
bare,1
are,324
reformsa,1
ark,8
arm,1
arn,1
youth,1
ichae,3
ingh,1
oreover,5
nempoyment,2
formery,1
obstructionism,1
unions,1
various,7
eisson,1
mismatch,1
consecutive,2
numerous,4
corruption,12
igeriaand,1
creating,5
poeticay,1
franchises,1
attention,4
outfit,2
succeed,5
importers,2
civiisation,2
opposition,17
betrayed,1
citys,1
subsequenty,2
rarey,3
bronze,1
c,1
oversee,1
treated,2
excuding,1
became,16
aocated,1
finds,2
ttempts,1
reasons,2
juntas,1
sweep,1
devoved,1
deposits,3
revving,1
fatefu,1
rave,6
sweed,1
taian,1
goats,1
ps,1
incomes,3
due,2
strategy,9
whom,6
reduction,2
uncomfortaby,1
nother,6
quaifications,1
whoe,13
po,5
aternative,2
advertise,1
transferring,1
echoprint,1
temperament,1
ifespan,1
abraiths,1
unconquered,2
parachuted,1
frozen,1
batch,1
pitchfork,1
mordant,1
ameron,4
inadvertenty,2
rit,1
imes,1
backbone,1
currenty,6
highands,1
rig,2
stye,7
ric,1
purposethough,1
rustbet,1
pubicy,2
myth,2
itche,2
orders,1
firearms,1
ermany,14
deadock,2
prerequisite,1
higher,22
tantaises,1
obin,2
paths,1
eafood,1
ogistica,1
moving,8
characteristicay,1
contractors,4
robust,1
castigates,1
chickens,1
cheer,4
edge,1
machinery,2
gesias,1
aways,11
quaified,1
traveerseven,1
unseen,1
egisation,2
sodier,1
commotion,1
competitive,3
steadiy,2
macontents,1
financesand,1
iustrate,1
hectare,1
advisers,1
workers,9
contractor,3
microaggressive,1
urkey,2
overvaued,1
heathy,1
customers,5
cinaste,1
constitutions,2
discriminatory,2
proonged,2
stabiise,2
assaut,3
constitutiona,9
orecasts,1
essentias,1
shaped,2
essentiay,1
brace,1
oigarch,1
ozens,1
jumpsuits,1
empe,2
igray,1
poicythe,2
streamine,2
scanda,6
meda,1
mports,1
annu,1
pros,1
pausibe,1
tends,1
fragments,1
attah,2
akistani,1
canda,1
fauty,1
raided,1
refused,2
zombie,1
tribuations,1
anata,1
ducating,3
intense,1
cautious,5
entrepreneurs,2
driest,1
range,6
purists,1
hatred,1
coapse,2
krainiansand,1
undoing,1
unnoticed,1
mirace,1
internets,1
erdun,5
unday,1
rows,1
question,10
fast,15
sections,2
mountains,10
succumbed,1
tate,9
twefth,1
upright,1
royaties,1
famiiar,4
raising,8
barres,2
patriot,1
interventionism,1
ooperation,1
interventionist,5
ands,1
fick,1
famiy,10
associated,1
apoogies,1
verba,2
rebuiding,1
merry,1
warning,2
rainbow,1
rainy,1
hristian,18
tentative,1
rains,1
endurance,3
peace,9
ratesprint,1
backs,2
income,31
pumbed,1
outthrough,1
nice,1
users,4
bocking,2
understatement,1
ather,10
meaning,2
posters,3
happier,1
margins,2
vice,6
intentionay,1
potters,1
remit,1
attacking,1
igrant,1
aike,2
risis,3
abayas,1
roadway,1
resistance,4
rogramme,2
eds,3
unes,1
winds,3
adjustment,1
issues,3
boodstained,1
seection,1
fenced,1
dissidents,1
agencys,3
squeezing,1
casuaty,1
sponsoring,1
fooish,1
industani,3
seized,2
misinterpretation,1
ague,1
ietnam,11
engineered,1
disquieting,1
traveer,1
eaning,2
incoherent,1
notes,5
scuppered,1
noted,1
oche,1
arendra,1
perched,1
compexities,1
voyagesperhaps,1
bde,2
concessions,3
networks,1
waiting,5
tantadidnt,1
ammunition,1
impact,1
oard,1
chose,3
degree,2
pushing,2
separation,1
scrapped,3
ukraine,1
distressed,1
murdered,2
suggests,11
ritzker,1
ubstantive,1
heart,4
app,2
hardy,7
chiy,1
motor,1
nursing,1
fed,7
fee,8
from,279
consumption,6
dipomacy,1
sceptica,2
esuit,1
few,27
fet,5
ust,6
weeping,1
ines,8
abrupty,2
chip,1
inet,1
sort,11
factor,4
heir,10
attritiona,2
women,24
orning,1
panted,1
critic,1
measures,8
upoading,1
dusted,1
anywhere,3
aight,1
performed,2
tap,1
patron,1
irrevocabe,1
tax,97
tay,4
universa,3
something,12
tai,1
rape,2
tak,6
united,2
ingapore,1
sit,1
buoyant,2
six,12
deiberate,1
fortunate,1
itso,1
sia,12
sie,6
instead,4
panic,3
sin,2
attend,2
nfortunatey,1
abuse,2
reaisation,1
ethnic,9
eserve,5
majorities,1
uropeis,1
manganese,1
accordion,1
tenure,2
stakes,6
rusted,1
saturated,1
emons,1
interpreted,1
cience,4
boosts,2
underwater,4
ddis,4
diaogue,2
traveers,16
permanent,1
choose,3
inspecting,1
amadiencircement,1
orange,1
covered,1
edging,1
eastward,3
campaigned,1
contention,1
practice,2
commended,1
unseasona,1
materias,2
campaigner,2
microeconomic,1
investor,1
successor,3
speaks,3
avaanche,1
eased,1
trai,1
subcontinent,1
oosening,1
trimmed,3
conservatism,1
trap,8
economy,50
caamities,2
uropes,6
coaition,12
ussians,3
oug,1
oud,1
predominanty,1
ikhai,1
ixon,7
our,11
out,77
category,1
respects,3
consideraby,1
sentiment,1
arriving,2
epression,1
eckess,1
exporting,2
overnments,3
supports,2
integrated,2
considerabe,2
maintains,1
networking,1
yore,1
ugust,2
motorway,1
segregated,2
phrases,1
footnotes,1
bockage,1
precepts,2
tacked,1
ioreo,1
echo,5
aibea,6
noticed,2
earthquakes,1
bois,1
vening,1
eected,4
unknown,2
resove,2
governmentand,1
priority,4
their,213
intemperate,1
urope,32
rigs,2
academy,1
doomed,1
defenestration,1
carify,1
kiers,1
greenhouse,1
reverses,1
ountries,1
ebanese,1
succeeded,2
riches,1
richer,2
ecrypting,1
patients,2
abraith,6
trumpets,1
taest,1
migration,1
schoomarm,1
fown,1
beieving,1
teenagers,2
indexprint,1
faut,1
fows,4
gratefu,1
afraid,1
europes,2
eter,1
agency,9
roup,3
nasty,2
which,179
ention,1
divert,1
strikesare,1
enator,1
patchy,3
centra,26
hether,3
themseves,16
petroo,2
adziaic,2
reentess,1
cracking,1
friend,2
why,18
statute,1
osario,1
fier,1
citizensthat,1
coeague,1
atitudes,1
fied,4
httpwwweconomistcomnodeprint,1
ho,3
codest,1
ungarys,1
chances,2
agreed,6
chapters,4
democrats,1
fear,7
feat,3
debate,1
highest,10
maaise,1
candidates,13
bogged,1
inhabit,1
thousands,8
prosecute,2
cube,1
watching,2
massacre,5
sueh,1
infationary,1
ones,19
cubs,1
checkpoints,2
oney,1
chips,1
partia,1
married,3
generationa,1
eeping,3
generations,2
view,13
credibe,2
shedding,1
sustainabiity,3
acquired,3
countrysome,1
ebt,1
awyers,1
ndrew,3
tarbucks,1
monstrous,1
wagers,1
premises,1
exerts,2
rikara,1
meaningfu,1
crude,3
frustrated,3
bought,1
gambing,5
jot,1
exam,1
exan,1
opening,1
agencies,11
huts,2
job,11
takeover,2
ames,3
exas,1
coeges,1
ontents,1
broady,1
doprint,1
aircraft,6
twitching,1
grain,1
gobaised,2
inpings,1
canopy,2
bitterwithin,1
sienced,1
rinch,1
grounds,1
therwise,1
withdrawa,1
wobbed,1
respect,4
deerprint,1
withdrawn,1
undeniaby,1
provinces,3
machinegunned,1
charts,2
etters,10
agreements,1
ghettos,1
isted,2
isten,1
prospects,4
scrutiny,3
ensuring,2
popuation,14
present,5
dinburgh,1
cesses,1
abandoned,1
ejection,1
choices,1
stunning,1
feats,3
depreciation,2
happened,2
atter,1
avy,2
tar,1
othing,1
thus,12
avs,2
ustraia,2
aipoi,1
archaeoogistto,1
avi,2
untrodden,1
ava,1
acific,11
poicymakers,6
perhaps,11
daits,1
cross,8
unite,1
member,6
adverse,1
erceived,1
ince,8
inch,1
gets,2
araguayans,1
spirited,1
conceived,1
impemented,3
student,7
throngs,1
evoution,1
uisse,2
correspondent,3
dignitary,1
cheicher,1
fighting,8
orbyns,1
acks,2
sensing,1
appropriatey,1
contenders,1
excessive,1
percent,1
cries,1
fishing,1
rocked,1
andstretched,1
hristopher,1
sku,2
rapid,3
skeeton,1
offetts,2
sky,2
antonese,1
other,83
adoption,1
attractive,4
thris,1
ski,1
unprecedented,3
nicke,1
foiage,1
branch,1
provisions,1
tern,1
protesters,5
know,7
egacies,1
press,6
settement,1
iberia,3
ecenty,1
aheb,2
vortex,1
hosts,2
chemist,1
wonders,2
exceed,2
because,40
expore,2
sequence,1
ewtons,1
scared,1
junk,3
growth,40
export,5
disrupting,1
operation,9
miner,1
mines,2
bosses,7
sette,3
trout,1
presaged,1
acronym,1
itchisons,1
ustria,4
inking,2
threats,3
rare,4
carried,1
extension,1
getting,8
sectarian,2
urged,1
surge,5
ndy,1
carries,1
carrier,2
perky,2
devouring,1
outset,2
own,25
charitabe,1
owa,4
horning,1
tarting,1
weather,7
promise,9
anuatu,1
propery,3
appy,4
transfer,2
apps,2
trenches,1
captains,1
intention,1
voatie,2
inguistics,1
aarm,1
dynamite,1
himsef,5
aard,2
atimore,1
funds,7
tangibe,1
tasked,1
squeeze,1
poiticay,4
made,41
tactics,4
ngands,1
hamets,1
troube,3
whether,21
protesting,1
record,9
tactica,1
demonstrate,1
rickety,1
stirring,1
firm,26
buffs,1
inadequate,1
abyssa,1
jungqvist,1
athete,1
happen,2
conspired,2
ev,1
migrs,1
boot,2
book,7
boom,9
boon,1
sice,2
er,7
bood,6
rian,1
aifornia,2
gagge,1
dependence,1
kinds,1
beieve,7
fimed,1
ficke,1
toasts,1
priced,3
ranks,3
fung,2
sash,5
